q1,q2,q3,q4,q5,q6
0.846,0.025,1.285,-0.000,-1.260,-0.846
0.847,0.025,1.286,-0.000,-1.261,-0.845
0.848,0.025,1.287,-0.000,-1.262,-0.842
0.851,0.026,1.289,-0.000,-1.264,-0.838
0.855,0.026,1.292,-0.000,-1.266,-0.832
0.860,0.027,1.296,-0.000,-1.269,-0.824
0.865,0.029,1.301,-0.000,-1.273,-0.815
0.872,0.030,1.307,-0.000,-1.277,-0.804
0.880,0.031,1.313,-0.000,-1.282,-0.792
0.888,0.033,1.320,-0.000,-1.287,-0.779
0.897,0.035,1.328,-0.000,-1.293,-0.764
0.907,0.037,1.336,-0.000,-1.299,-0.748
0.918,0.039,1.345,-0.000,-1.306,-0.731
0.929,0.041,1.354,-0.000,-1.313,-0.712
0.941,0.044,1.364,-0.000,-1.320,-0.693
0.954,0.046,1.375,-0.000,-1.328,-0.673
0.967,0.049,1.386,-0.000,-1.337,-0.652
0.981,0.052,1.397,-0.000,-1.345,-0.630
0.995,0.054,1.409,-0.000,-1.354,-0.607
1.010,0.057,1.421,-0.000,-1.363,-0.583
1.025,0.060,1.433,-0.000,-1.373,-0.559
1.040,0.064,1.446,-0.000,-1.383,-0.534
1.056,0.067,1.459,-0.000,-1.392,-0.509
1.072,0.070,1.473,-0.000,-1.403,-0.483
1.089,0.073,1.486,-0.000,-1.413,-0.457
1.105,0.076,1.500,-0.000,-1.423,-0.431
1.122,0.080,1.514,-0.000,-1.434,-0.404
1.139,0.083,1.528,-0.000,-1.444,-0.377
1.156,0.087,1.542,-0.000,-1.455,-0.350
1.173,0.090,1.556,-0.000,-1.466,-0.322
1.190,0.093,1.570,-0.000,-1.476,-0.295
1.207,0.097,1.584,-0.000,-1.487,-0.268
1.224,0.100,1.598,-0.000,-1.498,-0.241
1.241,0.104,1.612,-0.000,-1.508,-0.214
1.258,0.107,1.626,-0.000,-1.519,-0.187
1.274,0.110,1.640,-0.000,-1.529,-0.160
1.291,0.113,1.653,-0.000,-1.539,-0.134
1.307,0.117,1.666,-0.000,-1.550,-0.108
1.322,0.120,1.679,-0.000,-1.559,-0.083
1.338,0.123,1.692,-0.000,-1.569,-0.058
1.353,0.126,1.705,-0.000,-1.579,-0.034
1.368,0.129,1.717,-0.000,-1.588,-0.011
1.382,0.132,1.729,-0.000,-1.597,0.012
1.396,0.134,1.740,-0.000,-1.605,0.034
1.409,0.137,1.751,-0.000,-1.614,0.055
1.422,0.140,1.761,-0.000,-1.622,0.076
1.434,0.142,1.771,-0.000,-1.629,0.095
1.445,0.144,1.781,-0.000,-1.636,0.113
1.456,0.146,1.790,-0.000,-1.643,0.130
1.466,0.148,1.798,-0.000,-1.649,0.146
1.475,0.150,1.806,-0.000,-1.655,0.161
1.483,0.152,1.813,-0.000,-1.660,0.174
1.491,0.153,1.819,-0.000,-1.665,0.187
1.498,0.155,1.824,-0.000,-1.669,0.197
1.503,0.156,1.829,-0.000,-1.673,0.207
1.508,0.157,1.833,-0.000,-1.676,0.214
1.512,0.158,1.836,-0.000,-1.678,0.220
1.515,0.158,1.839,-0.000,-1.680,0.225
1.516,0.159,1.840,-0.000,-1.681,0.227
1.517,0.159,1.840,-0.000,-1.682,0.228
1.517,0.159,1.840,-0.000,-1.682,0.228
1.518,0.159,1.840,-0.000,-1.682,0.229
1.520,0.158,1.841,-0.000,-1.682,0.230
1.523,0.158,1.841,-0.000,-1.683,0.233
1.528,0.158,1.842,-0.000,-1.684,0.236
1.534,0.157,1.842,-0.000,-1.685,0.240
1.541,0.156,1.843,-0.000,-1.687,0.245
1.549,0.156,1.844,-0.000,-1.688,0.251
1.558,0.155,1.845,-0.000,-1.690,0.257
1.569,0.154,1.846,-0.000,-1.693,0.264
1.580,0.153,1.848,-0.000,-1.695,0.272
1.592,0.151,1.849,-0.000,-1.698,0.281
1.605,0.150,1.851,-0.000,-1.700,0.290
1.619,0.149,1.852,-0.000,-1.703,0.300
1.634,0.147,1.854,-0.000,-1.706,0.310
1.650,0.146,1.856,-0.000,-1.710,0.321
1.666,0.144,1.858,-0.000,-1.713,0.332
1.683,0.143,1.860,-0.000,-1.717,0.344
1.700,0.141,1.862,-0.000,-1.720,0.356
1.718,0.139,1.864,-0.000,-1.724,0.368
1.737,0.138,1.866,-0.000,-1.728,0.381
1.756,0.136,1.868,-0.000,-1.732,0.394
1.775,0.134,1.871,-0.000,-1.736,0.408
1.795,0.132,1.873,-0.000,-1.741,0.422
1.815,0.130,1.875,-0.000,-1.745,0.436
1.835,0.128,1.878,-0.000,-1.749,0.450
1.856,0.126,1.880,-0.000,-1.754,0.464
1.876,0.124,1.882,-0.000,-1.758,0.479
1.897,0.122,1.885,-0.000,-1.762,0.493
1.918,0.120,1.887,-0.000,-1.767,0.508
1.939,0.118,1.890,-0.000,-1.771,0.522
1.960,0.116,1.892,-0.000,-1.776,0.537
1.981,0.114,1.895,-0.000,-1.780,0.551
2.001,0.112,1.897,-0.000,-1.785,0.566
2.022,0.110,1.899,-0.000,-1.789,0.580
2.042,0.108,1.902,-0.000,-1.793,0.594
2.062,0.106,1.904,-0.000,-1.798,0.608
2.082,0.105,1.906,-0.000,-1.802,0.622
2.102,0.103,1.909,-0.000,-1.806,0.635
2.121,0.101,1.911,-0.000,-1.810,0.649
2.139,0.099,1.913,-0.000,-1.814,0.661
2.157,0.097,1.915,-0.000,-1.818,0.674
2.175,0.096,1.917,-0.000,-1.821,0.686
2.191,0.094,1.919,-0.000,-1.825,0.698
2.208,0.093,1.921,-0.000,-1.828,0.709
2.223,0.091,1.923,-0.000,-1.832,0.720
2.238,0.090,1.925,-0.000,-1.835,0.730
2.252,0.088,1.926,-0.000,-1.838,0.740
2.265,0.087,1.928,-0.000,-1.841,0.749
2.277,0.086,1.929,-0.000,-1.843,0.758
2.289,0.085,1.930,-0.000,-1.846,0.765
2.299,0.084,1.932,-0.000,-1.848,0.773
2.308,0.083,1.933,-0.000,-1.850,0.779
2.316,0.082,1.934,-0.000,-1.852,0.785
2.323,0.081,1.935,-0.000,-1.853,0.790
2.329,0.081,1.935,-0.000,-1.854,0.794
2.334,0.080,1.936,-0.000,-1.855,0.797
2.337,0.080,1.936,-0.000,-1.856,0.799
2.339,0.080,1.936,-0.000,-1.856,0.801
2.340,0.080,1.936,-0.000,-1.857,0.801
2.340,0.080,1.937,-0.000,-1.857,0.801
2.340,0.080,1.937,0.000,-1.857,0.801
2.340,0.080,1.937,0.000,-1.857,0.801
2.340,0.080,1.936,0.000,-1.856,0.801
2.340,0.080,1.935,0.000,-1.856,0.801
2.340,0.080,1.934,0.000,-1.855,0.801
2.340,0.079,1.933,0.000,-1.854,0.801
2.340,0.079,1.932,0.000,-1.853,0.801
2.340,0.079,1.930,0.000,-1.851,0.801
2.340,0.079,1.928,0.000,-1.850,0.801
2.340,0.078,1.926,0.000,-1.848,0.801
2.340,0.078,1.924,0.000,-1.846,0.801
2.340,0.077,1.922,0.000,-1.844,0.801
2.340,0.077,1.919,0.000,-1.842,0.801
2.340,0.077,1.916,0.000,-1.840,0.801
2.340,0.076,1.914,0.000,-1.837,0.801
2.340,0.076,1.911,0.000,-1.835,0.801
2.340,0.075,1.907,0.000,-1.832,0.801
2.340,0.075,1.904,0.000,-1.829,0.801
2.340,0.074,1.901,0.000,-1.827,0.801
2.340,0.073,1.897,0.000,-1.824,0.801
2.340,0.073,1.893,0.000,-1.820,0.801
2.340,0.072,1.889,0.000,-1.817,0.801
2.340,0.072,1.885,0.000,-1.814,0.801
2.340,0.071,1.881,0.000,-1.810,0.801
2.340,0.070,1.877,0.000,-1.807,0.801
2.340,0.070,1.873,0.000,-1.803,0.801
2.340,0.069,1.868,0.000,-1.799,0.801
2.340,0.068,1.864,0.000,-1.796,0.801
2.340,0.068,1.859,0.000,-1.792,0.801
2.340,0.067,1.855,0.000,-1.788,0.801
2.340,0.067,1.850,0.000,-1.784,0.801
2.340,0.066,1.845,0.000,-1.780,0.801
2.340,0.065,1.841,0.000,-1.775,0.801
2.340,0.065,1.836,0.000,-1.771,0.801
2.340,0.064,1.831,0.000,-1.767,0.801
2.340,0.063,1.826,0.000,-1.763,0.801
2.340,0.063,1.821,0.000,-1.758,0.801
2.340,0.062,1.816,0.000,-1.754,0.801
2.340,0.061,1.811,0.000,-1.749,0.801
2.340,0.061,1.806,0.000,-1.745,0.801
2.340,0.060,1.801,0.000,-1.740,0.801
2.340,0.060,1.795,0.000,-1.736,0.801
2.340,0.059,1.790,0.000,-1.731,0.801
2.340,0.058,1.785,0.000,-1.727,0.801
2.340,0.058,1.780,0.000,-1.722,0.801
2.340,0.057,1.775,0.000,-1.717,0.801
2.340,0.057,1.770,0.000,-1.713,0.801
2.340,0.056,1.764,0.000,-1.708,0.801
2.340,0.056,1.759,0.000,-1.704,0.801
2.340,0.055,1.754,0.000,-1.699,0.801
2.340,0.055,1.749,0.000,-1.694,0.801
2.340,0.054,1.744,0.000,-1.690,0.801
2.340,0.054,1.739,0.000,-1.685,0.801
2.340,0.054,1.734,0.000,-1.680,0.801
2.340,0.053,1.729,0.000,-1.676,0.801
2.340,0.053,1.724,0.000,-1.671,0.801
2.340,0.053,1.719,0.000,-1.667,0.801
2.340,0.052,1.714,0.000,-1.662,0.801
2.340,0.052,1.710,0.000,-1.658,0.801
2.340,0.052,1.705,0.000,-1.654,0.801
2.340,0.051,1.700,0.000,-1.649,0.801
2.340,0.051,1.696,0.000,-1.645,0.801
2.340,0.051,1.691,0.000,-1.641,0.801
2.340,0.050,1.687,0.000,-1.636,0.801
2.340,0.050,1.682,0.000,-1.632,0.801
2.340,0.050,1.678,0.000,-1.628,0.801
2.340,0.050,1.674,0.000,-1.624,0.801
2.340,0.050,1.670,0.000,-1.620,0.801
2.340,0.049,1.665,0.000,-1.616,0.801
2.340,0.049,1.662,0.000,-1.612,0.801
2.340,0.049,1.658,0.000,-1.609,0.801
2.340,0.049,1.654,0.000,-1.605,0.801
2.340,0.049,1.650,0.000,-1.601,0.801
2.340,0.049,1.646,0.000,-1.598,0.801
2.340,0.049,1.643,0.000,-1.594,0.801
2.340,0.049,1.640,0.000,-1.591,0.801
2.340,0.048,1.636,0.000,-1.588,0.801
2.340,0.048,1.633,0.000,-1.585,0.801
2.340,0.048,1.630,0.000,-1.582,0.801
2.340,0.048,1.627,0.000,-1.579,0.801
2.340,0.048,1.624,0.000,-1.576,0.801
2.340,0.048,1.622,0.000,-1.573,0.801
2.340,0.048,1.619,0.000,-1.571,0.801
2.340,0.048,1.617,0.000,-1.568,0.801
2.340,0.048,1.614,0.000,-1.566,0.801
2.340,0.048,1.612,0.000,-1.564,0.801
2.340,0.048,1.610,0.000,-1.562,0.801
2.340,0.048,1.608,0.000,-1.560,0.801
2.340,0.048,1.606,0.000,-1.558,0.801
2.340,0.048,1.605,0.000,-1.557,0.801
2.340,0.048,1.603,0.000,-1.555,0.801
2.340,0.048,1.602,0.000,-1.554,0.801
2.340,0.048,1.601,0.000,-1.553,0.801
2.340,0.048,1.600,0.000,-1.552,0.801
2.340,0.048,1.599,0.000,-1.551,0.801
2.340,0.048,1.599,0.000,-1.551,0.801
2.340,0.048,1.598,0.000,-1.550,0.801
2.340,0.048,1.598,0.000,-1.550,0.801
2.340,0.048,1.598,0.000,-1.550,0.801
2.340,0.048,1.598,0.000,-1.550,0.801
2.340,0.048,1.598,-0.000,-1.550,0.801
2.340,0.048,1.598,-0.000,-1.550,0.801
2.340,0.048,1.598,-0.000,-1.550,0.801
2.340,0.048,1.599,-0.000,-1.551,0.801
2.340,0.048,1.600,-0.000,-1.552,0.801
2.340,0.048,1.601,-0.000,-1.553,0.801
2.340,0.048,1.602,-0.000,-1.554,0.801
2.340,0.048,1.603,-0.000,-1.555,0.801
2.340,0.048,1.605,-0.000,-1.556,0.801
2.340,0.048,1.606,-0.000,-1.558,0.801
2.340,0.048,1.608,-0.000,-1.560,0.801
2.340,0.048,1.610,-0.000,-1.562,0.801
2.340,0.048,1.612,-0.000,-1.564,0.801
2.340,0.048,1.614,-0.000,-1.566,0.801
2.340,0.048,1.616,-0.000,-1.568,0.801
2.340,0.048,1.618,-0.000,-1.570,0.801
2.340,0.048,1.621,-0.000,-1.573,0.801
2.340,0.048,1.624,-0.000,-1.576,0.801
2.340,0.048,1.626,-0.000,-1.578,0.801
2.340,0.048,1.629,-0.000,-1.581,0.801
2.340,0.048,1.632,-0.000,-1.584,0.801
2.340,0.048,1.636,-0.000,-1.587,0.801
2.340,0.048,1.639,-0.000,-1.590,0.801
2.340,0.048,1.642,-0.000,-1.594,0.801
2.340,0.048,1.646,-0.000,-1.597,0.801
2.340,0.049,1.649,-0.000,-1.601,0.801
2.340,0.049,1.653,-0.000,-1.604,0.801
2.340,0.049,1.657,-0.000,-1.608,0.801
2.340,0.049,1.661,-0.000,-1.611,0.801
2.340,0.049,1.664,-0.000,-1.615,0.801
2.340,0.049,1.669,-0.000,-1.619,0.801
2.340,0.049,1.673,-0.000,-1.623,0.801
2.340,0.050,1.677,-0.000,-1.627,0.801
2.340,0.050,1.681,-0.000,-1.631,0.801
2.340,0.050,1.686,-0.000,-1.635,0.801
2.340,0.050,1.690,-0.000,-1.640,0.801
2.340,0.051,1.695,-0.000,-1.644,0.801
2.340,0.051,1.699,-0.000,-1.648,0.801
2.340,0.051,1.704,-0.000,-1.653,0.802
2.340,0.051,1.708,-0.000,-1.657,0.802
2.340,0.052,1.713,-0.000,-1.661,0.802
2.340,0.052,1.718,-0.000,-1.666,0.802
2.340,0.052,1.723,-0.000,-1.670,0.802
2.340,0.053,1.728,-0.000,-1.675,0.802
2.340,0.053,1.733,-0.000,-1.679,0.802
2.340,0.054,1.738,-0.000,-1.684,0.802
2.340,0.054,1.743,-0.000,-1.689,0.802
2.340,0.055,1.748,-0.000,-1.693,0.802
2.340,0.055,1.753,-0.000,-1.698,0.802
2.340,0.055,1.758,-0.000,-1.702,0.802
2.340,0.056,1.763,-0.000,-1.707,0.802
2.340,0.056,1.768,-0.000,-1.712,0.802
2.340,0.057,1.773,-0.000,-1.716,0.802
2.340,0.057,1.778,-0.000,-1.721,0.802
2.340,0.058,1.784,-0.000,-1.726,0.802
2.340,0.059,1.789,-0.000,-1.730,0.802
2.340,0.059,1.794,-0.000,-1.735,0.802
2.340,0.060,1.799,-0.000,-1.739,0.802
2.340,0.060,1.804,-0.000,-1.744,0.802
2.340,0.061,1.809,-0.000,-1.748,0.802
2.340,0.062,1.814,-0.000,-1.753,0.802
2.340,0.062,1.819,-0.000,-1.757,0.802
2.340,0.063,1.824,-0.000,-1.762,0.802
2.340,0.063,1.829,-0.000,-1.766,0.802
2.340,0.064,1.834,-0.000,-1.770,0.802
2.340,0.065,1.839,-0.000,-1.774,0.802
2.340,0.065,1.844,-0.000,-1.779,0.802
2.340,0.066,1.849,-0.000,-1.783,0.802
2.340,0.067,1.853,-0.000,-1.787,0.802
2.340,0.067,1.858,-0.000,-1.791,0.802
2.340,0.068,1.863,-0.000,-1.795,0.802
2.340,0.069,1.867,-0.000,-1.798,0.802
2.340,0.069,1.872,-0.000,-1.802,0.801
2.340,0.070,1.876,-0.000,-1.806,0.801
2.340,0.071,1.880,-0.000,-1.809,0.801
2.340,0.071,1.884,-0.000,-1.813,0.801
2.340,0.072,1.888,-0.000,-1.816,0.801
2.340,0.072,1.892,-0.000,-1.820,0.801
2.340,0.073,1.896,-0.000,-1.823,0.801
2.340,0.074,1.899,-0.000,-1.826,0.801
2.340,0.074,1.903,-0.000,-1.829,0.801
2.340,0.075,1.906,-0.000,-1.832,0.801
2.340,0.075,1.910,-0.000,-1.834,0.801
2.340,0.076,1.913,-0.000,-1.837,0.801
2.340,0.076,1.916,-0.000,-1.839,0.801
2.340,0.077,1.918,-0.000,-1.842,0.801
2.340,0.077,1.921,-0.000,-1.844,0.801
2.340,0.078,1.923,-0.000,-1.846,0.801
2.340,0.078,1.926,-0.000,-1.848,0.801
2.340,0.078,1.928,-0.000,-1.849,0.801
2.340,0.079,1.930,-0.000,-1.851,0.801
2.340,0.079,1.931,-0.000,-1.852,0.801
2.340,0.079,1.933,-0.000,-1.853,0.801
2.340,0.079,1.934,-0.000,-1.854,0.801
2.340,0.080,1.935,-0.000,-1.855,0.801
2.340,0.080,1.936,-0.000,-1.856,0.801
2.340,0.080,1.936,-0.000,-1.857,0.801
2.340,0.080,1.937,-0.000,-1.857,0.801
2.340,0.080,1.937,-0.000,-1.857,0.801
2.340,0.080,1.936,-0.000,-1.857,0.801
2.339,0.080,1.936,-0.000,-1.856,0.801
2.337,0.080,1.936,-0.000,-1.856,0.799
2.334,0.080,1.936,-0.000,-1.855,0.797
2.329,0.081,1.935,-0.000,-1.854,0.794
2.323,0.081,1.935,-0.000,-1.853,0.790
2.316,0.082,1.934,-0.000,-1.852,0.785
2.308,0.083,1.933,-0.000,-1.850,0.779
2.299,0.084,1.932,-0.000,-1.848,0.773
2.289,0.085,1.930,-0.000,-1.846,0.765
2.277,0.086,1.929,-0.000,-1.843,0.758
2.265,0.087,1.928,-0.000,-1.841,0.749
2.252,0.088,1.926,-0.000,-1.838,0.740
2.238,0.090,1.925,-0.000,-1.835,0.730
2.223,0.091,1.923,-0.000,-1.832,0.720
2.208,0.093,1.921,-0.000,-1.828,0.709
2.191,0.094,1.919,-0.000,-1.825,0.698
2.175,0.096,1.917,-0.000,-1.821,0.686
2.157,0.097,1.915,-0.000,-1.818,0.674
2.139,0.099,1.913,-0.000,-1.814,0.661
2.121,0.101,1.911,-0.000,-1.810,0.649
2.102,0.103,1.909,-0.000,-1.806,0.635
2.082,0.105,1.906,-0.000,-1.802,0.622
2.062,0.106,1.904,-0.000,-1.798,0.608
2.042,0.108,1.902,-0.000,-1.793,0.594
2.022,0.110,1.899,-0.000,-1.789,0.580
2.001,0.112,1.897,-0.000,-1.785,0.566
1.981,0.114,1.895,-0.000,-1.780,0.551
1.960,0.116,1.892,-0.000,-1.776,0.537
1.939,0.118,1.890,-0.000,-1.771,0.522
1.918,0.120,1.887,-0.000,-1.767,0.508
1.897,0.122,1.885,-0.000,-1.762,0.493
1.876,0.124,1.882,-0.000,-1.758,0.479
1.856,0.126,1.880,-0.000,-1.754,0.464
1.835,0.128,1.878,-0.000,-1.749,0.450
1.815,0.130,1.875,-0.000,-1.745,0.436
1.795,0.132,1.873,-0.000,-1.741,0.422
1.775,0.134,1.871,-0.000,-1.736,0.408
1.756,0.136,1.868,-0.000,-1.732,0.394
1.737,0.138,1.866,-0.000,-1.728,0.381
1.718,0.139,1.864,-0.000,-1.724,0.368
1.700,0.141,1.862,-0.000,-1.720,0.356
1.683,0.143,1.860,-0.000,-1.717,0.344
1.666,0.144,1.858,-0.000,-1.713,0.332
1.650,0.146,1.856,-0.000,-1.710,0.321
1.634,0.147,1.854,-0.000,-1.706,0.310
1.619,0.149,1.852,-0.000,-1.703,0.300
1.605,0.150,1.851,-0.000,-1.700,0.290
1.592,0.151,1.849,-0.000,-1.698,0.281
1.580,0.153,1.848,-0.000,-1.695,0.272
1.569,0.154,1.846,-0.000,-1.693,0.264
1.558,0.155,1.845,-0.000,-1.690,0.257
1.549,0.156,1.844,-0.000,-1.688,0.251
1.541,0.156,1.843,-0.000,-1.687,0.245
1.534,0.157,1.842,-0.000,-1.685,0.240
1.528,0.158,1.842,-0.000,-1.684,0.236
1.523,0.158,1.841,-0.000,-1.683,0.233
1.520,0.158,1.841,-0.000,-1.682,0.230
1.518,0.159,1.840,-0.000,-1.682,0.229
1.517,0.159,1.840,-0.000,-1.682,0.228
1.517,0.159,1.840,-0.000,-1.682,0.228
1.516,0.159,1.840,-0.000,-1.681,0.227
1.515,0.158,1.839,-0.000,-1.680,0.225
1.512,0.158,1.836,-0.000,-1.678,0.220
1.508,0.157,1.833,-0.000,-1.676,0.214
1.503,0.156,1.829,-0.000,-1.673,0.207
1.498,0.155,1.824,-0.000,-1.669,0.197
1.491,0.153,1.819,-0.000,-1.665,0.187
1.483,0.152,1.813,-0.000,-1.660,0.174
1.475,0.150,1.806,-0.000,-1.655,0.161
1.466,0.148,1.798,-0.000,-1.649,0.146
1.456,0.146,1.790,-0.000,-1.643,0.130
1.445,0.144,1.781,-0.000,-1.636,0.113
1.434,0.142,1.771,-0.000,-1.629,0.095
1.422,0.140,1.761,-0.000,-1.622,0.076
1.409,0.137,1.751,-0.000,-1.614,0.055
1.396,0.134,1.740,-0.000,-1.605,0.034
1.382,0.132,1.729,-0.000,-1.597,0.012
1.368,0.129,1.717,-0.000,-1.588,-0.011
1.353,0.126,1.705,-0.000,-1.579,-0.034
1.338,0.123,1.692,-0.000,-1.569,-0.058
1.322,0.120,1.679,-0.000,-1.559,-0.083
1.307,0.117,1.666,-0.000,-1.550,-0.108
1.291,0.113,1.653,-0.000,-1.539,-0.134
1.274,0.110,1.640,-0.000,-1.529,-0.160
1.258,0.107,1.626,-0.000,-1.519,-0.187
1.241,0.104,1.612,-0.000,-1.508,-0.214
1.224,0.100,1.598,-0.000,-1.498,-0.241
1.207,0.097,1.584,-0.000,-1.487,-0.268
1.190,0.093,1.570,-0.000,-1.476,-0.295
1.173,0.090,1.556,-0.000,-1.466,-0.322
1.156,0.087,1.542,-0.000,-1.455,-0.350
1.139,0.083,1.528,-0.000,-1.444,-0.377
1.122,0.080,1.514,-0.000,-1.434,-0.404
1.105,0.076,1.500,-0.000,-1.423,-0.431
1.089,0.073,1.486,-0.000,-1.413,-0.457
1.072,0.070,1.473,-0.000,-1.403,-0.483
1.056,0.067,1.459,-0.000,-1.392,-0.509
1.040,0.064,1.446,-0.000,-1.383,-0.534
1.025,0.060,1.433,-0.000,-1.373,-0.559
1.010,0.057,1.421,-0.000,-1.363,-0.583
0.995,0.054,1.409,-0.000,-1.354,-0.607
0.981,0.052,1.397,-0.000,-1.345,-0.630
0.967,0.049,1.386,-0.000,-1.337,-0.652
0.954,0.046,1.375,-0.000,-1.328,-0.673
0.941,0.044,1.364,-0.000,-1.320,-0.693
0.929,0.041,1.354,-0.000,-1.313,-0.712
0.918,0.039,1.345,-0.000,-1.306,-0.731
0.907,0.037,1.336,-0.000,-1.299,-0.748
0.897,0.035,1.328,-0.000,-1.293,-0.764
0.888,0.033,1.320,-0.000,-1.287,-0.779
0.880,0.031,1.313,-0.000,-1.282,-0.792
0.872,0.030,1.307,-0.000,-1.277,-0.804
0.865,0.029,1.301,-0.000,-1.273,-0.815
0.860,0.027,1.296,-0.000,-1.269,-0.824
0.855,0.026,1.292,-0.000,-1.266,-0.832
0.851,0.026,1.289,-0.000,-1.264,-0.838
0.848,0.025,1.287,-0.000,-1.262,-0.842
0.847,0.025,1.286,-0.000,-1.261,-0.845
0.846,0.025,1.285,-0.000,-1.260,-0.846
0.846,0.025,1.285,-0.000,-1.260,-0.846
0.846,0.025,1.285,0.000,-1.261,-0.846
0.846,0.025,1.285,0.000,-1.261,-0.846
0.846,0.025,1.285,0.001,-1.261,-0.846
0.845,0.025,1.285,0.002,-1.261,-0.845
0.845,0.025,1.285,0.003,-1.262,-0.845
0.844,0.025,1.285,0.005,-1.262,-0.844
0.844,0.025,1.285,0.006,-1.263,-0.844
0.843,0.025,1.285,0.008,-1.264,-0.843
0.842,0.025,1.285,0.011,-1.265,-0.843
0.841,0.026,1.285,0.013,-1.266,-0.842
0.840,0.026,1.285,0.016,-1.267,-0.841
0.839,0.026,1.285,0.019,-1.268,-0.840
0.838,0.026,1.285,0.022,-1.270,-0.839
0.837,0.026,1.286,0.025,-1.271,-0.838
0.836,0.027,1.286,0.029,-1.273,-0.837
0.834,0.027,1.286,0.032,-1.274,-0.836
0.833,0.027,1.286,0.036,-1.276,-0.835
0.831,0.027,1.286,0.041,-1.278,-0.834
0.830,0.028,1.286,0.045,-1.280,-0.832
0.828,0.028,1.286,0.050,-1.282,-0.831
0.826,0.028,1.286,0.055,-1.284,-0.829
0.825,0.029,1.286,0.060,-1.286,-0.828
0.823,0.029,1.286,0.065,-1.288,-0.826
0.821,0.030,1.286,0.071,-1.291,-0.824
0.819,0.030,1.286,0.076,-1.293,-0.823
0.817,0.030,1.286,0.082,-1.296,-0.821
0.814,0.031,1.286,0.088,-1.298,-0.819
0.812,0.031,1.286,0.095,-1.301,-0.817
0.810,0.032,1.287,0.101,-1.304,-0.815
0.808,0.032,1.287,0.108,-1.307,-0.813
0.805,0.033,1.287,0.115,-1.310,-0.811
0.803,0.033,1.287,0.122,-1.313,-0.809
0.800,0.033,1.287,0.129,-1.316,-0.807
0.797,0.034,1.287,0.136,-1.319,-0.805
0.795,0.035,1.287,0.144,-1.322,-0.802
0.792,0.035,1.287,0.151,-1.325,-0.800
0.789,0.036,1.287,0.159,-1.329,-0.798
0.786,0.036,1.287,0.167,-1.332,-0.795
0.783,0.037,1.288,0.175,-1.336,-0.793
0.781,0.037,1.288,0.184,-1.339,-0.790
0.778,0.038,1.288,0.192,-1.343,-0.788
0.774,0.038,1.288,0.201,-1.346,-0.785
0.771,0.039,1.288,0.209,-1.350,-0.783
0.768,0.040,1.288,0.218,-1.354,-0.780
0.765,0.040,1.288,0.227,-1.358,-0.777
0.762,0.041,1.288,0.236,-1.362,-0.774
0.758,0.041,1.288,0.246,-1.366,-0.772
0.755,0.042,1.289,0.255,-1.370,-0.769
0.752,0.043,1.289,0.265,-1.374,-0.766
0.748,0.043,1.289,0.274,-1.378,-0.763
0.745,0.044,1.289,0.284,-1.382,-0.760
0.741,0.045,1.289,0.294,-1.386,-0.757
0.738,0.045,1.289,0.304,-1.391,-0.754
0.734,0.046,1.289,0.314,-1.395,-0.751
0.730,0.047,1.289,0.324,-1.399,-0.748
0.727,0.048,1.290,0.335,-1.404,-0.745
0.723,0.048,1.290,0.345,-1.408,-0.741
0.719,0.049,1.290,0.356,-1.413,-0.738
0.715,0.050,1.290,0.366,-1.417,-0.735
0.712,0.050,1.290,0.377,-1.422,-0.732
0.708,0.051,1.290,0.388,-1.427,-0.729
0.704,0.052,1.290,0.399,-1.431,-0.725
0.700,0.053,1.291,0.410,-1.436,-0.722
0.696,0.053,1.291,0.421,-1.441,-0.719
0.692,0.054,1.291,0.432,-1.446,-0.715
0.688,0.055,1.291,0.443,-1.450,-0.712
0.684,0.056,1.291,0.454,-1.455,-0.708
0.680,0.057,1.291,0.466,-1.460,-0.705
0.676,0.057,1.292,0.477,-1.465,-0.701
0.672,0.058,1.292,0.488,-1.470,-0.698
0.668,0.059,1.292,0.500,-1.475,-0.695
0.664,0.060,1.292,0.512,-1.480,-0.691
0.660,0.060,1.292,0.523,-1.485,-0.687
0.655,0.061,1.292,0.535,-1.490,-0.684
0.651,0.062,1.292,0.547,-1.495,-0.680
0.647,0.063,1.293,0.558,-1.500,-0.677
0.643,0.064,1.293,0.570,-1.505,-0.673
0.639,0.064,1.293,0.582,-1.510,-0.670
0.634,0.065,1.293,0.594,-1.515,-0.666
0.630,0.066,1.293,0.606,-1.520,-0.662
0.626,0.067,1.293,0.618,-1.525,-0.659
0.622,0.068,1.294,0.630,-1.530,-0.655
0.617,0.069,1.294,0.642,-1.536,-0.652
0.613,0.069,1.294,0.654,-1.541,-0.648
0.609,0.070,1.294,0.666,-1.546,-0.644
0.604,0.071,1.294,0.678,-1.551,-0.641
0.600,0.072,1.294,0.690,-1.556,-0.637
0.596,0.073,1.295,0.702,-1.561,-0.633
0.592,0.074,1.295,0.714,-1.567,-0.630
0.587,0.074,1.295,0.726,-1.572,-0.626
0.583,0.075,1.295,0.738,-1.577,-0.622
0.579,0.076,1.295,0.750,-1.582,-0.619
0.574,0.077,1.295,0.762,-1.587,-0.615
0.570,0.078,1.295,0.774,-1.592,-0.611
0.566,0.078,1.296,0.786,-1.598,-0.608
0.561,0.079,1.296,0.798,-1.603,-0.604
0.557,0.080,1.296,0.810,-1.608,-0.601
0.553,0.081,1.296,0.822,-1.613,-0.597
0.549,0.082,1.296,0.834,-1.618,-0.593
0.544,0.083,1.296,0.846,-1.623,-0.590
0.540,0.083,1.297,0.858,-1.628,-0.586
0.536,0.084,1.297,0.870,-1.633,-0.583
0.532,0.085,1.297,0.882,-1.638,-0.579
0.528,0.086,1.297,0.894,-1.643,-0.575
0.523,0.087,1.297,0.905,-1.649,-0.572
0.519,0.087,1.297,0.917,-1.654,-0.568
0.515,0.088,1.298,0.929,-1.659,-0.565
0.511,0.089,1.298,0.940,-1.663,-0.561
0.507,0.090,1.298,0.952,-1.668,-0.558
0.503,0.091,1.298,0.963,-1.673,-0.554
0.499,0.091,1.298,0.975,-1.678,-0.551
0.495,0.092,1.298,0.986,-1.683,-0.547
0.491,0.093,1.298,0.997,-1.688,-0.544
0.487,0.094,1.299,1.008,-1.693,-0.541
0.483,0.094,1.299,1.020,-1.697,-0.537
0.479,0.095,1.299,1.031,-1.702,-0.534
0.475,0.096,1.299,1.042,-1.707,-0.531
0.471,0.097,1.299,1.052,-1.712,-0.527
0.467,0.097,1.299,1.063,-1.716,-0.524
0.463,0.098,1.299,1.074,-1.721,-0.521
0.460,0.099,1.300,1.085,-1.725,-0.518
0.456,0.100,1.300,1.095,-1.730,-0.514
0.452,0.100,1.300,1.106,-1.734,-0.511
0.448,0.101,1.300,1.116,-1.739,-0.508
0.445,0.102,1.300,1.126,-1.743,-0.505
0.441,0.102,1.300,1.136,-1.747,-0.502
0.438,0.103,1.300,1.146,-1.752,-0.499
0.434,0.104,1.301,1.156,-1.756,-0.496
0.431,0.104,1.301,1.166,-1.760,-0.493
0.427,0.105,1.301,1.176,-1.764,-0.490
0.424,0.106,1.301,1.185,-1.768,-0.487
0.420,0.106,1.301,1.195,-1.772,-0.484
0.417,0.107,1.301,1.204,-1.776,-0.481
0.414,0.108,1.301,1.213,-1.780,-0.479
0.411,0.108,1.301,1.222,-1.784,-0.476
0.407,0.109,1.302,1.231,-1.788,-0.473
0.404,0.109,1.302,1.240,-1.792,-0.471
0.401,0.110,1.302,1.248,-1.795,-0.468
0.398,0.111,1.302,1.257,-1.799,-0.465
0.395,0.111,1.302,1.265,-1.803,-0.463
0.392,0.112,1.302,1.273,-1.806,-0.460
0.389,0.112,1.302,1.281,-1.810,-0.458
0.387,0.113,1.302,1.289,-1.813,-0.456
0.384,0.113,1.302,1.297,-1.816,-0.453
0.381,0.114,1.303,1.304,-1.819,-0.451
0.379,0.114,1.303,1.311,-1.823,-0.449
0.376,0.115,1.303,1.319,-1.826,-0.447
0.374,0.115,1.303,1.326,-1.829,-0.445
0.371,0.116,1.303,1.332,-1.832,-0.443
0.369,0.116,1.303,1.339,-1.834,-0.440
0.367,0.117,1.303,1.346,-1.837,-0.439
0.364,0.117,1.303,1.352,-1.840,-0.437
0.362,0.118,1.303,1.358,-1.843,-0.435
0.360,0.118,1.303,1.364,-1.845,-0.433
0.358,0.118,1.303,1.370,-1.847,-0.431
0.356,0.119,1.303,1.375,-1.850,-0.430
0.354,0.119,1.304,1.380,-1.852,-0.428
0.352,0.119,1.304,1.385,-1.854,-0.426
0.351,0.120,1.304,1.390,-1.856,-0.425
0.349,0.120,1.304,1.395,-1.858,-0.424
0.347,0.120,1.304,1.400,-1.860,-0.422
0.346,0.121,1.304,1.404,-1.862,-0.421
0.344,0.121,1.304,1.408,-1.864,-0.420
0.343,0.121,1.304,1.412,-1.866,-0.419
0.342,0.121,1.304,1.415,-1.867,-0.417
0.341,0.122,1.304,1.419,-1.869,-0.416
0.339,0.122,1.304,1.422,-1.870,-0.415
0.338,0.122,1.304,1.425,-1.871,-0.415
0.337,0.122,1.304,1.427,-1.872,-0.414
0.337,0.122,1.304,1.430,-1.873,-0.413
0.336,0.123,1.304,1.432,-1.874,-0.412
0.335,0.123,1.304,1.434,-1.875,-0.412
0.334,0.123,1.304,1.436,-1.876,-0.411
0.334,0.123,1.304,1.437,-1.876,-0.411
0.334,0.123,1.304,1.438,-1.877,-0.411
0.333,0.123,1.304,1.439,-1.877,-0.410
0.333,0.123,1.304,1.440,-1.878,-0.410
0.333,0.123,1.304,1.440,-1.878,-0.410
0.333,0.123,1.304,1.440,-1.878,-0.410
0.333,0.123,1.304,1.440,-1.878,-0.410
0.333,0.123,1.304,1.440,-1.878,-0.410
0.333,0.123,1.304,1.440,-1.878,-0.410
0.333,0.123,1.304,1.439,-1.877,-0.410
0.334,0.123,1.304,1.438,-1.877,-0.411
0.334,0.123,1.304,1.437,-1.876,-0.411
0.334,0.123,1.304,1.436,-1.876,-0.411
0.335,0.123,1.304,1.434,-1.875,-0.412
0.336,0.123,1.304,1.432,-1.874,-0.412
0.337,0.122,1.304,1.430,-1.873,-0.413
0.337,0.122,1.304,1.427,-1.872,-0.414
0.338,0.122,1.304,1.425,-1.871,-0.415
0.339,0.122,1.304,1.422,-1.870,-0.415
0.341,0.122,1.304,1.419,-1.869,-0.416
0.342,0.121,1.304,1.415,-1.867,-0.417
0.343,0.121,1.304,1.412,-1.866,-0.419
0.344,0.121,1.304,1.408,-1.864,-0.420
0.346,0.121,1.304,1.404,-1.862,-0.421
0.347,0.120,1.304,1.400,-1.860,-0.422
0.349,0.120,1.304,1.395,-1.858,-0.424
0.351,0.120,1.304,1.390,-1.856,-0.425
0.352,0.119,1.304,1.385,-1.854,-0.426
0.354,0.119,1.304,1.380,-1.852,-0.428
0.356,0.119,1.303,1.375,-1.850,-0.430
0.358,0.118,1.303,1.370,-1.847,-0.431
0.360,0.118,1.303,1.364,-1.845,-0.433
0.362,0.118,1.303,1.358,-1.843,-0.435
0.364,0.117,1.303,1.352,-1.840,-0.437
0.367,0.117,1.303,1.346,-1.837,-0.439
0.369,0.116,1.303,1.339,-1.834,-0.440
0.371,0.116,1.303,1.332,-1.832,-0.443
0.374,0.115,1.303,1.326,-1.829,-0.445
0.376,0.115,1.303,1.319,-1.826,-0.447
0.379,0.114,1.303,1.311,-1.823,-0.449
0.381,0.114,1.303,1.304,-1.819,-0.451
0.384,0.113,1.302,1.297,-1.816,-0.453
0.387,0.113,1.302,1.289,-1.813,-0.456
0.389,0.112,1.302,1.281,-1.810,-0.458
0.392,0.112,1.302,1.273,-1.806,-0.460
0.395,0.111,1.302,1.265,-1.803,-0.463
0.398,0.111,1.302,1.257,-1.799,-0.465
0.401,0.110,1.302,1.248,-1.795,-0.468
0.404,0.109,1.302,1.240,-1.792,-0.471
0.407,0.109,1.302,1.231,-1.788,-0.473
0.411,0.108,1.301,1.222,-1.784,-0.476
0.414,0.108,1.301,1.213,-1.780,-0.479
0.417,0.107,1.301,1.204,-1.776,-0.481
0.420,0.106,1.301,1.195,-1.772,-0.484
0.424,0.106,1.301,1.185,-1.768,-0.487
0.427,0.105,1.301,1.176,-1.764,-0.490
0.431,0.104,1.301,1.166,-1.760,-0.493
0.434,0.104,1.301,1.156,-1.756,-0.496
0.438,0.103,1.300,1.146,-1.752,-0.499
0.441,0.102,1.300,1.136,-1.747,-0.502
0.445,0.102,1.300,1.126,-1.743,-0.505
0.448,0.101,1.300,1.116,-1.739,-0.508
0.452,0.100,1.300,1.106,-1.734,-0.511
0.456,0.100,1.300,1.095,-1.730,-0.514
0.460,0.099,1.300,1.085,-1.725,-0.518
0.463,0.098,1.299,1.074,-1.721,-0.521
0.467,0.097,1.299,1.063,-1.716,-0.524
0.471,0.097,1.299,1.052,-1.712,-0.527
0.475,0.096,1.299,1.042,-1.707,-0.531
0.479,0.095,1.299,1.031,-1.702,-0.534
0.483,0.094,1.299,1.020,-1.697,-0.537
0.487,0.094,1.299,1.008,-1.693,-0.541
0.491,0.093,1.298,0.997,-1.688,-0.544
0.495,0.092,1.298,0.986,-1.683,-0.547
0.499,0.091,1.298,0.975,-1.678,-0.551
0.503,0.091,1.298,0.963,-1.673,-0.554
0.507,0.090,1.298,0.952,-1.668,-0.558
0.511,0.089,1.298,0.940,-1.663,-0.561
0.515,0.088,1.298,0.929,-1.659,-0.565
0.519,0.087,1.297,0.917,-1.654,-0.568
0.523,0.087,1.297,0.905,-1.649,-0.572
0.528,0.086,1.297,0.894,-1.643,-0.575
0.532,0.085,1.297,0.882,-1.638,-0.579
0.536,0.084,1.297,0.870,-1.633,-0.583
0.540,0.083,1.297,0.858,-1.628,-0.586
0.544,0.083,1.296,0.846,-1.623,-0.590
0.549,0.082,1.296,0.834,-1.618,-0.593
0.553,0.081,1.296,0.822,-1.613,-0.597
0.557,0.080,1.296,0.810,-1.608,-0.601
0.561,0.079,1.296,0.798,-1.603,-0.604
0.566,0.078,1.296,0.786,-1.598,-0.608
0.570,0.078,1.295,0.774,-1.592,-0.611
0.574,0.077,1.295,0.762,-1.587,-0.615
0.579,0.076,1.295,0.750,-1.582,-0.619
0.583,0.075,1.295,0.738,-1.577,-0.622
0.587,0.074,1.295,0.726,-1.572,-0.626
0.592,0.074,1.295,0.714,-1.567,-0.630
0.596,0.073,1.295,0.702,-1.561,-0.633
0.600,0.072,1.294,0.690,-1.556,-0.637
0.604,0.071,1.294,0.678,-1.551,-0.641
0.609,0.070,1.294,0.666,-1.546,-0.644
0.613,0.069,1.294,0.654,-1.541,-0.648
0.617,0.069,1.294,0.642,-1.536,-0.652
0.622,0.068,1.294,0.630,-1.530,-0.655
0.626,0.067,1.293,0.618,-1.525,-0.659
0.630,0.066,1.293,0.606,-1.520,-0.662
0.634,0.065,1.293,0.594,-1.515,-0.666
0.639,0.064,1.293,0.582,-1.510,-0.670
0.643,0.064,1.293,0.570,-1.505,-0.673
0.647,0.063,1.293,0.558,-1.500,-0.677
0.651,0.062,1.292,0.547,-1.495,-0.680
0.655,0.061,1.292,0.535,-1.490,-0.684
0.660,0.060,1.292,0.523,-1.485,-0.687
0.664,0.060,1.292,0.512,-1.480,-0.691
0.668,0.059,1.292,0.500,-1.475,-0.695
0.672,0.058,1.292,0.488,-1.470,-0.698
0.676,0.057,1.292,0.477,-1.465,-0.701
0.680,0.057,1.291,0.466,-1.460,-0.705
0.684,0.056,1.291,0.454,-1.455,-0.708
0.688,0.055,1.291,0.443,-1.450,-0.712
0.692,0.054,1.291,0.432,-1.446,-0.715
0.696,0.053,1.291,0.421,-1.441,-0.719
0.700,0.053,1.291,0.410,-1.436,-0.722
0.704,0.052,1.290,0.399,-1.431,-0.725
0.708,0.051,1.290,0.388,-1.427,-0.729
0.712,0.050,1.290,0.377,-1.422,-0.732
0.715,0.050,1.290,0.366,-1.417,-0.735
0.719,0.049,1.290,0.356,-1.413,-0.738
0.723,0.048,1.290,0.345,-1.408,-0.741
0.727,0.048,1.290,0.335,-1.404,-0.745
0.730,0.047,1.289,0.324,-1.399,-0.748
0.734,0.046,1.289,0.314,-1.395,-0.751
0.738,0.045,1.289,0.304,-1.391,-0.754
0.741,0.045,1.289,0.294,-1.386,-0.757
0.745,0.044,1.289,0.284,-1.382,-0.760
0.748,0.043,1.289,0.274,-1.378,-0.763
0.752,0.043,1.289,0.265,-1.374,-0.766
0.755,0.042,1.289,0.255,-1.370,-0.769
0.758,0.041,1.288,0.246,-1.366,-0.772
0.762,0.041,1.288,0.236,-1.362,-0.774
0.765,0.040,1.288,0.227,-1.358,-0.777
0.768,0.040,1.288,0.218,-1.354,-0.780
0.771,0.039,1.288,0.209,-1.350,-0.783
0.774,0.038,1.288,0.201,-1.346,-0.785
0.778,0.038,1.288,0.192,-1.343,-0.788
0.781,0.037,1.288,0.184,-1.339,-0.790
0.783,0.037,1.288,0.175,-1.336,-0.793
0.786,0.036,1.287,0.167,-1.332,-0.795
0.789,0.036,1.287,0.159,-1.329,-0.798
0.792,0.035,1.287,0.151,-1.325,-0.800
0.795,0.035,1.287,0.144,-1.322,-0.802
0.797,0.034,1.287,0.136,-1.319,-0.805
0.800,0.033,1.287,0.129,-1.316,-0.807
0.803,0.033,1.287,0.122,-1.313,-0.809
0.805,0.033,1.287,0.115,-1.310,-0.811
0.808,0.032,1.287,0.108,-1.307,-0.813
0.810,0.032,1.287,0.101,-1.304,-0.815
0.812,0.031,1.286,0.095,-1.301,-0.817
0.814,0.031,1.286,0.088,-1.298,-0.819
0.817,0.030,1.286,0.082,-1.296,-0.821
0.819,0.030,1.286,0.076,-1.293,-0.823
0.821,0.030,1.286,0.071,-1.291,-0.824
0.823,0.029,1.286,0.065,-1.288,-0.826
0.825,0.029,1.286,0.060,-1.286,-0.828
0.826,0.028,1.286,0.055,-1.284,-0.829
0.828,0.028,1.286,0.050,-1.282,-0.831
0.830,0.028,1.286,0.045,-1.280,-0.832
0.831,0.027,1.286,0.041,-1.278,-0.834
0.833,0.027,1.286,0.036,-1.276,-0.835
0.834,0.027,1.286,0.032,-1.274,-0.836
0.836,0.027,1.286,0.029,-1.273,-0.837
0.837,0.026,1.286,0.025,-1.271,-0.838
0.838,0.026,1.285,0.022,-1.270,-0.839
0.839,0.026,1.285,0.019,-1.268,-0.840
0.840,0.026,1.285,0.016,-1.267,-0.841
0.841,0.026,1.285,0.013,-1.266,-0.842
0.842,0.025,1.285,0.011,-1.265,-0.843
0.843,0.025,1.285,0.008,-1.264,-0.843
0.844,0.025,1.285,0.006,-1.263,-0.844
0.844,0.025,1.285,0.005,-1.262,-0.844
0.845,0.025,1.285,0.003,-1.262,-0.845
0.845,0.025,1.285,0.002,-1.261,-0.845
0.846,0.025,1.285,0.001,-1.261,-0.846
0.846,0.025,1.285,0.000,-1.261,-0.846
0.846,0.025,1.285,0.000,-1.261,-0.846
0.846,0.025,1.285,-0.000,-1.260,-0.846
0.846,0.025,1.285,-0.000,-1.260,-0.846
0.846,0.025,1.285,-0.001,-1.261,-0.845
0.845,0.025,1.284,-0.002,-1.261,-0.844
0.844,0.025,1.284,-0.005,-1.261,-0.841
0.842,0.025,1.282,-0.009,-1.261,-0.837
0.840,0.025,1.281,-0.013,-1.262,-0.832
0.838,0.026,1.279,-0.019,-1.262,-0.826
0.835,0.026,1.277,-0.026,-1.263,-0.820
0.832,0.026,1.274,-0.033,-1.263,-0.812
0.828,0.027,1.272,-0.042,-1.264,-0.803
0.824,0.027,1.269,-0.051,-1.265,-0.793
0.820,0.028,1.265,-0.062,-1.266,-0.783
0.815,0.029,1.262,-0.073,-1.267,-0.771
0.810,0.029,1.258,-0.085,-1.268,-0.759
0.805,0.030,1.254,-0.098,-1.269,-0.746
0.799,0.031,1.250,-0.112,-1.270,-0.732
0.793,0.031,1.245,-0.126,-1.272,-0.717
0.786,0.032,1.240,-0.141,-1.273,-0.701
0.780,0.033,1.235,-0.157,-1.274,-0.685
0.773,0.034,1.230,-0.174,-1.276,-0.668
0.765,0.035,1.224,-0.191,-1.277,-0.650
0.758,0.036,1.218,-0.209,-1.279,-0.632
0.750,0.037,1.212,-0.227,-1.281,-0.613
0.742,0.038,1.206,-0.247,-1.282,-0.593
0.734,0.039,1.200,-0.266,-1.284,-0.573
0.725,0.040,1.194,-0.287,-1.286,-0.552
0.716,0.041,1.187,-0.308,-1.288,-0.531
0.707,0.042,1.180,-0.329,-1.290,-0.509
0.698,0.043,1.173,-0.351,-1.291,-0.486
0.688,0.045,1.166,-0.373,-1.293,-0.463
0.679,0.046,1.159,-0.396,-1.295,-0.440
0.669,0.047,1.151,-0.419,-1.298,-0.416
0.659,0.048,1.144,-0.443,-1.300,-0.392
0.649,0.050,1.136,-0.467,-1.302,-0.367
0.638,0.051,1.128,-0.491,-1.304,-0.342
0.628,0.052,1.120,-0.516,-1.306,-0.317
0.617,0.054,1.112,-0.541,-1.308,-0.291
0.607,0.055,1.104,-0.567,-1.311,-0.265
0.596,0.056,1.096,-0.592,-1.313,-0.239
0.585,0.058,1.087,-0.618,-1.315,-0.212
0.574,0.059,1.079,-0.645,-1.317,-0.185
0.563,0.061,1.071,-0.671,-1.320,-0.158
0.551,0.062,1.062,-0.698,-1.322,-0.131
0.540,0.063,1.054,-0.724,-1.324,-0.104
0.529,0.065,1.045,-0.751,-1.327,-0.076
0.517,0.066,1.036,-0.778,-1.329,-0.048
0.506,0.068,1.028,-0.805,-1.332,-0.021
0.494,0.069,1.019,-0.832,-1.334,0.007
0.483,0.071,1.010,-0.860,-1.336,0.035
0.471,0.072,1.002,-0.887,-1.339,0.063
0.460,0.074,0.993,-0.914,-1.341,0.091
0.448,0.075,0.984,-0.942,-1.344,0.119
0.437,0.077,0.975,-0.969,-1.346,0.147
0.425,0.078,0.967,-0.996,-1.349,0.175
0.414,0.079,0.958,-1.023,-1.351,0.203
0.403,0.081,0.949,-1.050,-1.353,0.230
0.391,0.082,0.941,-1.077,-1.356,0.258
0.380,0.084,0.932,-1.104,-1.358,0.285
0.369,0.085,0.924,-1.130,-1.360,0.313
0.358,0.087,0.915,-1.157,-1.363,0.340
0.346,0.088,0.907,-1.183,-1.365,0.367
0.336,0.089,0.899,-1.209,-1.367,0.393
0.325,0.091,0.890,-1.235,-1.370,0.419
0.314,0.092,0.882,-1.260,-1.372,0.446
0.303,0.094,0.874,-1.285,-1.374,0.471
0.293,0.095,0.866,-1.310,-1.376,0.497
0.283,0.096,0.858,-1.334,-1.378,0.522
0.272,0.097,0.851,-1.358,-1.381,0.546
0.262,0.099,0.843,-1.382,-1.383,0.571
0.253,0.100,0.836,-1.405,-1.385,0.594
0.243,0.101,0.828,-1.428,-1.387,0.618
0.233,0.102,0.821,-1.451,-1.389,0.641
0.224,0.104,0.814,-1.472,-1.391,0.663
0.215,0.105,0.807,-1.494,-1.393,0.685
0.206,0.106,0.801,-1.515,-1.394,0.707
0.198,0.107,0.794,-1.535,-1.396,0.727
0.189,0.108,0.788,-1.555,-1.398,0.748
0.181,0.109,0.782,-1.574,-1.400,0.767
0.174,0.110,0.776,-1.593,-1.401,0.786
0.166,0.111,0.770,-1.610,-1.403,0.805
0.159,0.112,0.765,-1.628,-1.404,0.822
0.152,0.113,0.759,-1.644,-1.406,0.839
0.145,0.114,0.754,-1.660,-1.407,0.856
0.139,0.114,0.749,-1.675,-1.409,0.871
0.132,0.115,0.745,-1.690,-1.410,0.886
0.127,0.116,0.740,-1.703,-1.411,0.900
0.121,0.117,0.736,-1.716,-1.412,0.913
0.116,0.117,0.732,-1.728,-1.413,0.926
0.111,0.118,0.729,-1.740,-1.414,0.937
0.107,0.118,0.726,-1.750,-1.415,0.948
0.103,0.119,0.723,-1.759,-1.416,0.957
0.099,0.119,0.720,-1.768,-1.417,0.966
0.096,0.120,0.717,-1.776,-1.417,0.974
0.093,0.120,0.715,-1.782,-1.418,0.981
0.091,0.120,0.713,-1.788,-1.419,0.987
0.089,0.121,0.712,-1.793,-1.419,0.992
0.087,0.121,0.711,-1.796,-1.419,0.995
0.086,0.121,0.710,-1.799,-1.420,0.998
0.086,0.121,0.709,-1.801,-1.420,1.000
0.085,0.121,0.709,-1.801,-1.420,1.000
0.085,0.121,0.709,-1.801,-1.420,1.000
0.085,0.121,0.709,-1.801,-1.420,1.000
0.085,0.121,0.709,-1.801,-1.419,1.000
0.085,0.121,0.710,-1.800,-1.419,0.999
0.085,0.121,0.710,-1.799,-1.419,0.999
0.085,0.120,0.710,-1.798,-1.418,0.998
0.085,0.120,0.711,-1.797,-1.417,0.997
0.084,0.120,0.712,-1.796,-1.417,0.995
0.084,0.119,0.712,-1.794,-1.416,0.994
0.084,0.119,0.713,-1.792,-1.415,0.992
0.083,0.118,0.714,-1.790,-1.413,0.991
0.083,0.118,0.715,-1.788,-1.412,0.989
0.082,0.117,0.716,-1.786,-1.411,0.986
0.082,0.117,0.717,-1.783,-1.409,0.984
0.081,0.116,0.718,-1.781,-1.408,0.982
0.080,0.115,0.719,-1.778,-1.406,0.979
0.080,0.114,0.721,-1.775,-1.404,0.976
0.079,0.113,0.722,-1.772,-1.403,0.973
0.078,0.113,0.724,-1.768,-1.401,0.970
0.078,0.112,0.725,-1.765,-1.399,0.967
0.077,0.111,0.727,-1.761,-1.396,0.964
0.076,0.110,0.728,-1.757,-1.394,0.961
0.075,0.109,0.730,-1.754,-1.392,0.957
0.074,0.108,0.732,-1.749,-1.390,0.953
0.074,0.107,0.734,-1.745,-1.387,0.950
0.073,0.106,0.735,-1.741,-1.385,0.946
0.072,0.104,0.737,-1.737,-1.382,0.942
0.071,0.103,0.739,-1.732,-1.380,0.938
0.070,0.102,0.741,-1.728,-1.377,0.934
0.069,0.101,0.743,-1.723,-1.374,0.929
0.068,0.100,0.746,-1.718,-1.371,0.925
0.067,0.098,0.748,-1.713,-1.369,0.920
0.066,0.097,0.750,-1.708,-1.366,0.916
0.065,0.096,0.752,-1.703,-1.363,0.911
0.063,0.094,0.754,-1.698,-1.360,0.907
0.062,0.093,0.757,-1.693,-1.357,0.902
0.061,0.092,0.759,-1.688,-1.354,0.897
0.060,0.090,0.761,-1.682,-1.351,0.892
0.059,0.089,0.764,-1.677,-1.348,0.888
0.058,0.088,0.766,-1.671,-1.344,0.883
0.057,0.086,0.768,-1.666,-1.341,0.878
0.055,0.085,0.771,-1.660,-1.338,0.873
0.054,0.083,0.773,-1.655,-1.335,0.867
0.053,0.082,0.776,-1.649,-1.332,0.862
0.052,0.080,0.778,-1.643,-1.328,0.857
0.051,0.079,0.781,-1.638,-1.325,0.852
0.049,0.077,0.783,-1.632,-1.322,0.847
0.048,0.076,0.786,-1.626,-1.318,0.842
0.047,0.074,0.788,-1.621,-1.315,0.837
0.046,0.073,0.791,-1.615,-1.312,0.831
0.045,0.071,0.793,-1.609,-1.308,0.826
0.043,0.070,0.796,-1.603,-1.305,0.821
0.042,0.069,0.798,-1.598,-1.302,0.816
0.041,0.067,0.801,-1.592,-1.298,0.811
0.040,0.066,0.803,-1.586,-1.295,0.805
0.039,0.064,0.806,-1.581,-1.292,0.800
0.037,0.063,0.808,-1.575,-1.289,0.795
0.036,0.061,0.811,-1.569,-1.285,0.790
0.035,0.060,0.813,-1.564,-1.282,0.785
0.034,0.058,0.815,-1.558,-1.279,0.780
0.033,0.057,0.818,-1.553,-1.276,0.775
0.031,0.055,0.820,-1.547,-1.272,0.770
0.030,0.054,0.823,-1.542,-1.269,0.765
0.029,0.053,0.825,-1.537,-1.266,0.760
0.028,0.051,0.827,-1.531,-1.263,0.756
0.027,0.050,0.830,-1.526,-1.260,0.751
0.026,0.049,0.832,-1.521,-1.257,0.746
0.025,0.047,0.834,-1.516,-1.254,0.742
0.024,0.046,0.836,-1.511,-1.251,0.737
0.023,0.045,0.838,-1.506,-1.249,0.733
0.022,0.044,0.840,-1.501,-1.246,0.728
0.021,0.042,0.842,-1.496,-1.243,0.724
0.020,0.041,0.845,-1.492,-1.240,0.720
0.019,0.040,0.846,-1.487,-1.238,0.716
0.018,0.039,0.848,-1.483,-1.235,0.712
0.017,0.038,0.850,-1.479,-1.233,0.708
0.016,0.037,0.852,-1.475,-1.230,0.704
0.015,0.036,0.854,-1.471,-1.228,0.701
0.014,0.035,0.856,-1.467,-1.226,0.697
0.014,0.034,0.857,-1.463,-1.224,0.694
0.013,0.033,0.859,-1.459,-1.221,0.690
0.012,0.032,0.860,-1.456,-1.219,0.687
0.011,0.031,0.862,-1.452,-1.218,0.684
0.011,0.030,0.863,-1.449,-1.216,0.681
0.010,0.029,0.864,-1.446,-1.214,0.678
0.009,0.029,0.866,-1.443,-1.212,0.676
0.009,0.028,0.867,-1.441,-1.211,0.673
0.008,0.027,0.868,-1.438,-1.209,0.671
0.008,0.027,0.869,-1.436,-1.208,0.669
0.007,0.026,0.870,-1.434,-1.207,0.667
0.007,0.026,0.871,-1.432,-1.205,0.665
0.007,0.025,0.872,-1.430,-1.204,0.664
0.006,0.025,0.872,-1.428,-1.203,0.662
0.006,0.024,0.873,-1.427,-1.203,0.661
0.006,0.024,0.874,-1.426,-1.202,0.660
0.005,0.024,0.874,-1.425,-1.201,0.659
0.005,0.024,0.874,-1.424,-1.201,0.658
0.005,0.023,0.875,-1.423,-1.201,0.658
0.005,0.023,0.875,-1.423,-1.200,0.657
0.005,0.023,0.875,-1.423,-1.200,0.657
0.004,0.023,0.875,-1.422,-1.201,0.657
0.004,0.023,0.875,-1.422,-1.201,0.657
0.004,0.024,0.875,-1.422,-1.201,0.657
0.005,0.024,0.874,-1.423,-1.201,0.658
0.005,0.024,0.873,-1.423,-1.200,0.660
0.005,0.025,0.872,-1.424,-1.200,0.662
0.006,0.026,0.871,-1.425,-1.199,0.664
0.006,0.026,0.869,-1.427,-1.198,0.667
0.007,0.027,0.867,-1.428,-1.198,0.670
0.007,0.028,0.864,-1.430,-1.197,0.673
0.008,0.029,0.862,-1.432,-1.196,0.677
0.009,0.031,0.859,-1.434,-1.194,0.681
0.010,0.032,0.856,-1.436,-1.193,0.686
0.011,0.034,0.853,-1.439,-1.192,0.690
0.012,0.035,0.850,-1.441,-1.190,0.696
0.013,0.037,0.846,-1.444,-1.189,0.701
0.014,0.039,0.842,-1.447,-1.187,0.707
0.015,0.041,0.838,-1.450,-1.186,0.713
0.017,0.043,0.834,-1.454,-1.184,0.720
0.018,0.045,0.830,-1.457,-1.182,0.727
0.019,0.047,0.825,-1.461,-1.181,0.734
0.021,0.050,0.821,-1.465,-1.179,0.742
0.023,0.052,0.816,-1.469,-1.177,0.749
0.024,0.055,0.811,-1.473,-1.175,0.757
0.026,0.058,0.806,-1.478,-1.173,0.766
0.028,0.061,0.801,-1.482,-1.171,0.774
0.030,0.064,0.796,-1.487,-1.169,0.783
0.032,0.067,0.791,-1.492,-1.167,0.792
0.034,0.071,0.785,-1.497,-1.165,0.802
0.036,0.074,0.780,-1.503,-1.163,0.811
0.038,0.078,0.774,-1.508,-1.161,0.821
0.040,0.082,0.769,-1.514,-1.159,0.831
0.042,0.086,0.763,-1.520,-1.157,0.841
0.045,0.090,0.757,-1.527,-1.155,0.853
0.047,0.094,0.752,-1.532,-1.154,0.863
0.050,0.098,0.745,-1.540,-1.151,0.875
0.052,0.103,0.740,-1.545,-1.150,0.885
0.055,0.108,0.734,-1.553,-1.148,0.897
0.057,0.112,0.729,-1.559,-1.147,0.907
0.060,0.117,0.722,-1.567,-1.145,0.920
0.063,0.122,0.717,-1.574,-1.143,0.932
0.066,0.127,0.711,-1.581,-1.142,0.944
0.069,0.133,0.705,-1.588,-1.140,0.956
0.071,0.138,0.700,-1.596,-1.139,0.968
0.074,0.143,0.694,-1.603,-1.138,0.980
0.077,0.149,0.689,-1.611,-1.137,0.993
0.080,0.155,0.683,-1.619,-1.136,1.005
0.083,0.161,0.678,-1.627,-1.135,1.018
0.086,0.167,0.673,-1.634,-1.134,1.030
0.089,0.173,0.667,-1.642,-1.133,1.043
0.092,0.179,0.662,-1.650,-1.133,1.055
0.095,0.185,0.657,-1.658,-1.132,1.068
0.098,0.192,0.652,-1.666,-1.132,1.081
0.101,0.198,0.647,-1.674,-1.132,1.093
0.104,0.205,0.642,-1.682,-1.132,1.106
0.107,0.211,0.638,-1.691,-1.132,1.118
0.110,0.218,0.633,-1.699,-1.132,1.131
0.113,0.225,0.629,-1.707,-1.132,1.143
0.116,0.231,0.624,-1.715,-1.133,1.156
0.119,0.238,0.620,-1.722,-1.133,1.168
0.122,0.245,0.616,-1.730,-1.134,1.180
0.124,0.252,0.612,-1.738,-1.135,1.192
0.127,0.259,0.608,-1.746,-1.136,1.204
0.130,0.266,0.604,-1.753,-1.137,1.216
0.133,0.273,0.600,-1.761,-1.138,1.228
0.136,0.280,0.597,-1.768,-1.139,1.239
0.138,0.286,0.593,-1.776,-1.140,1.251
0.141,0.293,0.590,-1.783,-1.142,1.262
0.143,0.300,0.587,-1.790,-1.143,1.273
0.146,0.307,0.584,-1.797,-1.144,1.283
0.148,0.313,0.581,-1.802,-1.146,1.293
0.151,0.320,0.578,-1.810,-1.148,1.304
0.152,0.326,0.576,-1.815,-1.149,1.313
0.155,0.333,0.573,-1.822,-1.151,1.324
0.157,0.339,0.570,-1.827,-1.153,1.332
0.160,0.346,0.568,-1.834,-1.155,1.343
0.161,0.352,0.566,-1.839,-1.156,1.351
0.163,0.357,0.564,-1.844,-1.158,1.359
0.165,0.363,0.562,-1.849,-1.160,1.368
0.166,0.369,0.560,-1.854,-1.161,1.376
0.168,0.374,0.558,-1.859,-1.163,1.384
0.170,0.380,0.556,-1.864,-1.165,1.391
0.172,0.385,0.554,-1.868,-1.167,1.398
0.173,0.390,0.553,-1.872,-1.168,1.405
0.175,0.395,0.551,-1.876,-1.170,1.411
0.176,0.399,0.550,-1.880,-1.172,1.418
0.177,0.403,0.549,-1.883,-1.173,1.423
0.178,0.407,0.548,-1.887,-1.174,1.429
0.179,0.411,0.547,-1.890,-1.176,1.434
0.180,0.415,0.546,-1.892,-1.177,1.438
0.181,0.418,0.545,-1.895,-1.178,1.443
0.182,0.421,0.544,-1.897,-1.179,1.446
0.183,0.423,0.543,-1.899,-1.180,1.450
0.184,0.426,0.543,-1.901,-1.181,1.453
0.184,0.427,0.542,-1.903,-1.182,1.455
0.185,0.429,0.542,-1.904,-1.183,1.457
0.185,0.430,0.541,-1.905,-1.183,1.459
0.185,0.431,0.541,-1.906,-1.184,1.460
0.186,0.432,0.541,-1.906,-1.184,1.461
0.186,0.432,0.541,-1.907,-1.184,1.461
0.186,0.432,0.541,-1.907,-1.184,1.462
0.186,0.432,0.541,-1.907,-1.184,1.462
0.186,0.432,0.541,-1.907,-1.184,1.462
0.186,0.432,0.541,-1.907,-1.184,1.461
0.187,0.432,0.541,-1.908,-1.184,1.461
0.187,0.432,0.541,-1.908,-1.184,1.461
0.188,0.432,0.542,-1.909,-1.184,1.461
0.189,0.433,0.542,-1.910,-1.183,1.461
0.190,0.433,0.542,-1.911,-1.183,1.461
0.191,0.433,0.542,-1.912,-1.183,1.461
0.192,0.433,0.543,-1.913,-1.183,1.461
0.194,0.433,0.543,-1.914,-1.183,1.461
0.195,0.433,0.543,-1.915,-1.182,1.461
0.197,0.433,0.544,-1.917,-1.182,1.460
0.198,0.434,0.544,-1.918,-1.182,1.460
0.200,0.434,0.545,-1.920,-1.182,1.460
0.202,0.434,0.545,-1.922,-1.181,1.460
0.204,0.434,0.545,-1.924,-1.181,1.460
0.206,0.435,0.546,-1.926,-1.181,1.460
0.208,0.435,0.547,-1.928,-1.181,1.459
0.210,0.435,0.547,-1.930,-1.180,1.459
0.212,0.435,0.548,-1.932,-1.180,1.459
0.215,0.436,0.548,-1.934,-1.179,1.459
0.217,0.436,0.549,-1.937,-1.179,1.458
0.220,0.436,0.550,-1.939,-1.179,1.458
0.222,0.437,0.550,-1.942,-1.178,1.458
0.225,0.437,0.551,-1.944,-1.178,1.458
0.228,0.437,0.552,-1.947,-1.177,1.457
0.231,0.438,0.553,-1.949,-1.177,1.457
0.233,0.438,0.553,-1.952,-1.177,1.457
0.236,0.438,0.554,-1.955,-1.176,1.456
0.239,0.439,0.555,-1.957,-1.176,1.456
0.242,0.439,0.556,-1.960,-1.175,1.456
0.245,0.440,0.557,-1.963,-1.175,1.456
0.248,0.440,0.558,-1.966,-1.174,1.455
0.251,0.440,0.559,-1.969,-1.174,1.455
0.254,0.441,0.560,-1.972,-1.173,1.454
0.257,0.441,0.560,-1.975,-1.172,1.454
0.261,0.442,0.561,-1.978,-1.172,1.454
0.264,0.442,0.562,-1.981,-1.171,1.453
0.267,0.443,0.563,-1.984,-1.171,1.453
0.270,0.443,0.564,-1.987,-1.170,1.453
0.273,0.443,0.565,-1.990,-1.170,1.452
0.277,0.444,0.566,-1.993,-1.169,1.452
0.280,0.444,0.568,-1.996,-1.168,1.451
0.283,0.445,0.569,-1.999,-1.168,1.451
0.286,0.445,0.570,-2.002,-1.167,1.451
0.290,0.446,0.571,-2.005,-1.167,1.450
0.293,0.446,0.572,-2.008,-1.166,1.450
0.296,0.447,0.573,-2.011,-1.165,1.449
0.299,0.447,0.574,-2.014,-1.165,1.449
0.303,0.448,0.575,-2.017,-1.164,1.449
0.306,0.448,0.576,-2.020,-1.163,1.448
0.309,0.449,0.577,-2.023,-1.163,1.448
0.312,0.449,0.578,-2.026,-1.162,1.447
0.315,0.450,0.580,-2.029,-1.162,1.447
0.318,0.450,0.581,-2.032,-1.161,1.447
0.321,0.451,0.582,-2.035,-1.160,1.446
0.324,0.451,0.583,-2.038,-1.160,1.446
0.327,0.452,0.584,-2.041,-1.159,1.445
0.330,0.452,0.585,-2.044,-1.158,1.445
0.333,0.453,0.586,-2.046,-1.158,1.444
0.336,0.453,0.587,-2.049,-1.157,1.444
0.339,0.454,0.589,-2.052,-1.156,1.444
0.342,0.454,0.590,-2.054,-1.156,1.443
0.345,0.455,0.591,-2.057,-1.155,1.443
0.348,0.455,0.592,-2.060,-1.155,1.442
0.350,0.456,0.593,-2.062,-1.154,1.442
0.353,0.456,0.594,-2.065,-1.153,1.442
0.355,0.457,0.595,-2.067,-1.153,1.441
0.358,0.457,0.596,-2.069,-1.152,1.441
0.360,0.457,0.597,-2.072,-1.152,1.440
0.363,0.458,0.598,-2.074,-1.151,1.440
0.365,0.458,0.599,-2.076,-1.150,1.440
0.367,0.459,0.600,-2.078,-1.150,1.439
0.370,0.459,0.601,-2.080,-1.149,1.439
0.372,0.460,0.602,-2.082,-1.149,1.439
0.374,0.460,0.603,-2.084,-1.148,1.438
0.376,0.460,0.604,-2.086,-1.148,1.438
0.378,0.461,0.604,-2.088,-1.147,1.438
0.380,0.461,0.605,-2.089,-1.147,1.437
0.381,0.461,0.606,-2.091,-1.147,1.437
0.383,0.462,0.607,-2.093,-1.146,1.437
0.385,0.462,0.608,-2.094,-1.146,1.437
0.386,0.462,0.608,-2.096,-1.145,1.436
0.388,0.463,0.609,-2.097,-1.145,1.436
0.389,0.463,0.609,-2.098,-1.145,1.436
0.390,0.463,0.610,-2.099,-1.144,1.436
0.392,0.463,0.611,-2.101,-1.144,1.436
0.393,0.463,0.611,-2.102,-1.144,1.435
0.394,0.464,0.611,-2.102,-1.143,1.435
0.395,0.464,0.612,-2.103,-1.143,1.435
0.395,0.464,0.612,-2.104,-1.143,1.435
0.396,0.464,0.613,-2.105,-1.143,1.435
0.397,0.464,0.613,-2.105,-1.143,1.435
0.397,0.464,0.613,-2.106,-1.142,1.435
0.398,0.464,0.613,-2.106,-1.142,1.435
0.398,0.464,0.613,-2.106,-1.142,1.435
0.398,0.464,0.613,-2.107,-1.142,1.435
0.398,0.465,0.614,-2.107,-1.142,1.435
0.398,0.465,0.614,-2.107,-1.142,1.435
0.398,0.464,0.613,-2.107,-1.142,1.435
0.398,0.464,0.613,-2.107,-1.142,1.435
0.398,0.464,0.613,-2.106,-1.142,1.435
0.397,0.464,0.613,-2.106,-1.142,1.435
0.397,0.464,0.613,-2.106,-1.143,1.435
0.396,0.464,0.613,-2.105,-1.143,1.435
0.396,0.464,0.612,-2.104,-1.143,1.435
0.395,0.464,0.612,-2.104,-1.143,1.435
0.394,0.464,0.611,-2.103,-1.143,1.435
0.393,0.463,0.611,-2.102,-1.144,1.435
0.392,0.463,0.611,-2.101,-1.144,1.436
0.391,0.463,0.610,-2.100,-1.144,1.436
0.390,0.463,0.609,-2.099,-1.145,1.436
0.388,0.463,0.609,-2.098,-1.145,1.436
0.387,0.462,0.608,-2.096,-1.145,1.437
0.385,0.462,0.607,-2.095,-1.146,1.437
0.384,0.462,0.607,-2.093,-1.146,1.437
0.382,0.461,0.606,-2.092,-1.146,1.437
0.380,0.461,0.605,-2.090,-1.147,1.438
0.378,0.461,0.604,-2.089,-1.147,1.438
0.377,0.460,0.604,-2.087,-1.148,1.438
0.375,0.460,0.603,-2.085,-1.148,1.439
0.373,0.460,0.602,-2.083,-1.149,1.439
0.370,0.459,0.601,-2.081,-1.149,1.439
0.368,0.459,0.600,-2.079,-1.150,1.440
0.366,0.458,0.599,-2.077,-1.150,1.440
0.364,0.458,0.598,-2.075,-1.151,1.440
0.361,0.457,0.597,-2.073,-1.152,1.441
0.359,0.457,0.596,-2.070,-1.152,1.441
0.356,0.457,0.595,-2.068,-1.153,1.441
0.354,0.456,0.594,-2.066,-1.153,1.442
0.351,0.456,0.593,-2.063,-1.154,1.442
0.348,0.455,0.592,-2.061,-1.154,1.443
0.346,0.455,0.591,-2.058,-1.155,1.443
0.343,0.454,0.590,-2.056,-1.156,1.443
0.340,0.454,0.589,-2.053,-1.156,1.444
0.337,0.453,0.587,-2.050,-1.157,1.444
0.334,0.453,0.586,-2.048,-1.158,1.445
0.332,0.452,0.585,-2.045,-1.158,1.445
0.329,0.452,0.584,-2.042,-1.159,1.446
0.326,0.451,0.583,-2.039,-1.160,1.446
0.322,0.451,0.582,-2.037,-1.160,1.446
0.319,0.450,0.581,-2.034,-1.161,1.447
0.316,0.450,0.580,-2.031,-1.161,1.447
0.313,0.449,0.578,-2.028,-1.162,1.448
0.310,0.449,0.577,-2.025,-1.163,1.448
0.307,0.448,0.576,-2.022,-1.163,1.448
0.304,0.448,0.575,-2.019,-1.164,1.449
0.300,0.447,0.574,-2.016,-1.165,1.449
0.297,0.447,0.573,-2.013,-1.165,1.450
0.294,0.446,0.572,-2.010,-1.166,1.450
0.291,0.446,0.571,-2.007,-1.167,1.451
0.288,0.445,0.570,-2.004,-1.167,1.451
0.284,0.445,0.568,-2.001,-1.168,1.451
0.281,0.444,0.567,-1.998,-1.168,1.452
0.278,0.444,0.566,-1.995,-1.169,1.452
0.275,0.444,0.565,-1.991,-1.170,1.453
0.271,0.443,0.564,-1.988,-1.170,1.453
0.268,0.443,0.563,-1.985,-1.171,1.453
0.265,0.442,0.562,-1.982,-1.171,1.454
0.262,0.442,0.561,-1.979,-1.172,1.454
0.259,0.441,0.560,-1.976,-1.172,1.454
0.256,0.441,0.559,-1.973,-1.173,1.455
0.252,0.440,0.558,-1.970,-1.173,1.455
0.249,0.440,0.558,-1.967,-1.174,1.455
0.246,0.440,0.557,-1.965,-1.175,1.456
0.243,0.439,0.556,-1.962,-1.175,1.456
0.240,0.439,0.555,-1.959,-1.176,1.456
0.237,0.438,0.554,-1.956,-1.176,1.457
0.234,0.438,0.553,-1.953,-1.176,1.457
0.232,0.438,0.553,-1.951,-1.177,1.457
0.229,0.437,0.552,-1.948,-1.177,1.458
0.226,0.437,0.551,-1.945,-1.178,1.458
0.223,0.437,0.550,-1.943,-1.178,1.458
0.221,0.436,0.550,-1.940,-1.179,1.458
0.218,0.436,0.549,-1.938,-1.179,1.459
0.216,0.436,0.548,-1.936,-1.179,1.459
0.213,0.435,0.548,-1.933,-1.180,1.459
0.211,0.435,0.547,-1.931,-1.180,1.459
0.209,0.435,0.546,-1.929,-1.180,1.460
0.207,0.435,0.546,-1.927,-1.181,1.460
0.205,0.434,0.545,-1.925,-1.181,1.460
0.203,0.434,0.545,-1.923,-1.181,1.460
0.201,0.434,0.544,-1.921,-1.182,1.460
0.199,0.434,0.544,-1.919,-1.182,1.460
0.197,0.434,0.544,-1.918,-1.182,1.461
0.196,0.433,0.543,-1.916,-1.182,1.461
0.194,0.433,0.543,-1.915,-1.183,1.461
0.193,0.433,0.543,-1.913,-1.183,1.461
0.192,0.433,0.542,-1.912,-1.183,1.461
0.190,0.433,0.542,-1.911,-1.183,1.461
0.189,0.433,0.542,-1.910,-1.183,1.461
0.188,0.432,0.541,-1.909,-1.183,1.461
0.188,0.432,0.541,-1.908,-1.184,1.461
0.187,0.432,0.541,-1.908,-1.184,1.461
0.187,0.432,0.541,-1.907,-1.184,1.462
0.186,0.432,0.541,-1.907,-1.184,1.462
0.186,0.432,0.541,-1.907,-1.184,1.462
0.186,0.432,0.541,-1.907,-1.184,1.462
0.186,0.432,0.541,-1.907,-1.184,1.462
0.186,0.432,0.541,-1.906,-1.184,1.461
0.186,0.432,0.541,-1.906,-1.184,1.461
0.185,0.431,0.541,-1.906,-1.183,1.460
0.185,0.429,0.542,-1.905,-1.183,1.458
0.185,0.428,0.542,-1.904,-1.182,1.456
0.184,0.426,0.542,-1.902,-1.182,1.454
0.184,0.424,0.543,-1.901,-1.181,1.451
0.183,0.421,0.544,-1.899,-1.180,1.448
0.182,0.418,0.544,-1.896,-1.179,1.444
0.181,0.415,0.545,-1.894,-1.178,1.440
0.181,0.412,0.546,-1.891,-1.176,1.435
0.179,0.408,0.547,-1.889,-1.175,1.430
0.178,0.404,0.548,-1.885,-1.174,1.425
0.177,0.400,0.549,-1.882,-1.172,1.420
0.176,0.396,0.551,-1.879,-1.171,1.414
0.175,0.391,0.552,-1.875,-1.169,1.407
0.173,0.386,0.554,-1.871,-1.167,1.401
0.172,0.381,0.555,-1.866,-1.166,1.394
0.170,0.376,0.557,-1.862,-1.164,1.386
0.168,0.370,0.559,-1.857,-1.162,1.379
0.167,0.364,0.561,-1.852,-1.160,1.370
0.165,0.359,0.563,-1.847,-1.158,1.362
0.163,0.353,0.565,-1.842,-1.157,1.354
0.160,0.346,0.567,-1.835,-1.155,1.343
0.159,0.340,0.569,-1.830,-1.153,1.335
0.156,0.333,0.572,-1.823,-1.151,1.325
0.154,0.327,0.574,-1.818,-1.150,1.316
0.151,0.320,0.578,-1.811,-1.148,1.305
0.150,0.314,0.580,-1.805,-1.146,1.296
0.146,0.307,0.583,-1.798,-1.144,1.284
0.144,0.300,0.587,-1.791,-1.143,1.273
0.141,0.293,0.590,-1.784,-1.142,1.262
0.139,0.287,0.593,-1.776,-1.140,1.251
0.136,0.280,0.597,-1.769,-1.139,1.240
0.133,0.273,0.600,-1.762,-1.138,1.228
0.131,0.266,0.604,-1.754,-1.137,1.217
0.128,0.259,0.608,-1.747,-1.136,1.205
0.125,0.252,0.612,-1.739,-1.135,1.193
0.122,0.245,0.616,-1.731,-1.134,1.181
0.119,0.238,0.620,-1.723,-1.133,1.169
0.116,0.232,0.624,-1.715,-1.133,1.156
0.113,0.225,0.628,-1.707,-1.132,1.144
0.110,0.218,0.633,-1.699,-1.132,1.131
0.107,0.211,0.637,-1.691,-1.132,1.119
0.104,0.205,0.642,-1.683,-1.132,1.106
0.101,0.198,0.647,-1.675,-1.132,1.094
0.098,0.192,0.652,-1.667,-1.132,1.081
0.095,0.185,0.657,-1.659,-1.132,1.068
0.092,0.179,0.662,-1.651,-1.133,1.056
0.089,0.173,0.667,-1.643,-1.133,1.043
0.086,0.167,0.672,-1.635,-1.134,1.031
0.083,0.161,0.678,-1.627,-1.135,1.018
0.081,0.155,0.683,-1.619,-1.136,1.006
0.078,0.149,0.689,-1.612,-1.136,0.993
0.075,0.144,0.694,-1.604,-1.138,0.981
0.072,0.138,0.700,-1.597,-1.139,0.969
0.069,0.133,0.705,-1.589,-1.140,0.956
0.066,0.127,0.711,-1.582,-1.141,0.944
0.063,0.122,0.716,-1.574,-1.143,0.933
0.061,0.117,0.722,-1.567,-1.144,0.921
0.058,0.112,0.728,-1.560,-1.146,0.909
0.055,0.108,0.734,-1.554,-1.148,0.898
0.054,0.103,0.739,-1.548,-1.149,0.888
0.050,0.099,0.745,-1.540,-1.151,0.875
0.049,0.094,0.750,-1.535,-1.153,0.865
0.046,0.090,0.756,-1.528,-1.155,0.854
0.044,0.086,0.761,-1.523,-1.156,0.844
0.041,0.082,0.768,-1.516,-1.159,0.833
0.039,0.078,0.773,-1.511,-1.160,0.824
0.037,0.075,0.778,-1.505,-1.162,0.814
0.035,0.071,0.784,-1.500,-1.164,0.804
0.033,0.068,0.789,-1.495,-1.166,0.795
0.031,0.064,0.794,-1.490,-1.168,0.786
0.029,0.061,0.799,-1.485,-1.170,0.777
0.027,0.058,0.805,-1.480,-1.172,0.768
0.026,0.055,0.810,-1.475,-1.174,0.759
0.024,0.053,0.815,-1.471,-1.176,0.751
0.022,0.050,0.819,-1.467,-1.178,0.743
0.021,0.048,0.824,-1.463,-1.180,0.736
0.019,0.045,0.828,-1.459,-1.181,0.729
0.018,0.043,0.833,-1.455,-1.183,0.722
0.016,0.041,0.837,-1.452,-1.185,0.715
0.015,0.039,0.841,-1.448,-1.187,0.709
0.014,0.037,0.845,-1.445,-1.188,0.703
0.013,0.035,0.849,-1.442,-1.190,0.697
0.011,0.034,0.852,-1.440,-1.191,0.692
0.010,0.032,0.855,-1.437,-1.193,0.687
0.010,0.031,0.858,-1.435,-1.194,0.682
0.009,0.030,0.861,-1.433,-1.195,0.678
0.008,0.028,0.864,-1.431,-1.196,0.674
0.007,0.027,0.866,-1.429,-1.197,0.670
0.007,0.026,0.868,-1.427,-1.198,0.667
0.006,0.026,0.870,-1.426,-1.199,0.665
0.005,0.025,0.872,-1.425,-1.199,0.662
0.005,0.024,0.873,-1.424,-1.200,0.660
0.005,0.024,0.874,-1.423,-1.201,0.659
0.005,0.024,0.875,-1.422,-1.201,0.657
0.004,0.023,0.875,-1.422,-1.201,0.657
0.004,0.023,0.876,-1.422,-1.201,0.657
0.004,0.023,0.876,-1.422,-1.201,0.656
0.004,0.023,0.875,-1.422,-1.201,0.657
0.004,0.024,0.875,-1.422,-1.201,0.658
0.005,0.024,0.874,-1.423,-1.201,0.659
0.005,0.025,0.873,-1.424,-1.200,0.661
0.005,0.025,0.871,-1.425,-1.199,0.663
0.006,0.026,0.869,-1.426,-1.199,0.666
0.007,0.027,0.867,-1.428,-1.198,0.670
0.007,0.028,0.864,-1.430,-1.197,0.674
0.008,0.030,0.861,-1.432,-1.195,0.678
0.009,0.031,0.858,-1.435,-1.194,0.683
0.010,0.033,0.854,-1.437,-1.193,0.688
0.011,0.035,0.850,-1.440,-1.191,0.694
0.012,0.037,0.846,-1.443,-1.189,0.701
0.014,0.039,0.842,-1.447,-1.188,0.708
0.015,0.041,0.837,-1.450,-1.186,0.715
0.016,0.043,0.832,-1.454,-1.184,0.723
0.018,0.046,0.827,-1.459,-1.182,0.731
0.020,0.049,0.822,-1.463,-1.180,0.739
0.021,0.052,0.816,-1.468,-1.178,0.748
0.023,0.055,0.811,-1.473,-1.176,0.758
0.025,0.058,0.805,-1.478,-1.173,0.768
0.027,0.062,0.799,-1.483,-1.171,0.778
0.029,0.066,0.793,-1.489,-1.169,0.788
0.032,0.070,0.786,-1.496,-1.166,0.801
0.034,0.074,0.780,-1.501,-1.164,0.811
0.037,0.078,0.773,-1.509,-1.162,0.824
0.039,0.083,0.767,-1.515,-1.160,0.834
0.042,0.088,0.759,-1.523,-1.157,0.848
0.045,0.093,0.752,-1.530,-1.155,0.861
0.048,0.098,0.746,-1.538,-1.153,0.874
0.051,0.103,0.739,-1.545,-1.151,0.887
0.054,0.109,0.732,-1.553,-1.149,0.901
0.057,0.115,0.725,-1.562,-1.147,0.915
0.060,0.121,0.718,-1.570,-1.145,0.929
0.063,0.127,0.711,-1.579,-1.143,0.944
0.066,0.133,0.704,-1.587,-1.142,0.958
0.070,0.140,0.697,-1.597,-1.140,0.973
0.073,0.147,0.690,-1.606,-1.139,0.988
0.077,0.154,0.683,-1.615,-1.137,1.004
0.080,0.161,0.677,-1.625,-1.136,1.019
0.084,0.169,0.670,-1.635,-1.135,1.035
0.087,0.177,0.663,-1.644,-1.135,1.051
0.091,0.184,0.657,-1.655,-1.134,1.067
0.095,0.193,0.650,-1.665,-1.134,1.083
0.098,0.201,0.644,-1.675,-1.134,1.100
0.102,0.210,0.638,-1.685,-1.134,1.116
0.106,0.218,0.632,-1.696,-1.134,1.132
0.110,0.227,0.626,-1.706,-1.134,1.149
0.113,0.236,0.620,-1.717,-1.135,1.165
0.117,0.246,0.614,-1.727,-1.136,1.182
0.121,0.255,0.609,-1.737,-1.137,1.198
0.125,0.265,0.604,-1.748,-1.138,1.215
0.128,0.274,0.598,-1.758,-1.140,1.231
0.132,0.284,0.593,-1.769,-1.142,1.248
0.136,0.294,0.588,-1.779,-1.143,1.264
0.139,0.304,0.584,-1.789,-1.146,1.280
0.143,0.314,0.579,-1.799,-1.148,1.296
0.147,0.325,0.575,-1.809,-1.150,1.312
0.150,0.335,0.570,-1.819,-1.153,1.328
0.153,0.345,0.566,-1.828,-1.156,1.343
0.157,0.356,0.562,-1.838,-1.159,1.359
0.160,0.366,0.559,-1.847,-1.162,1.374
0.163,0.377,0.555,-1.856,-1.166,1.389
0.166,0.387,0.552,-1.865,-1.169,1.403
0.169,0.398,0.549,-1.873,-1.173,1.417
0.172,0.408,0.546,-1.882,-1.176,1.432
0.175,0.419,0.543,-1.890,-1.180,1.445
0.178,0.429,0.540,-1.898,-1.184,1.459
0.181,0.439,0.537,-1.905,-1.188,1.472
0.183,0.449,0.535,-1.913,-1.192,1.485
0.186,0.459,0.533,-1.920,-1.196,1.497
0.188,0.469,0.531,-1.926,-1.200,1.509
0.190,0.479,0.529,-1.933,-1.204,1.521
0.192,0.488,0.527,-1.939,-1.208,1.533
0.195,0.498,0.525,-1.945,-1.212,1.544
0.197,0.507,0.524,-1.951,-1.215,1.554
0.198,0.515,0.523,-1.955,-1.219,1.563
0.200,0.525,0.521,-1.962,-1.223,1.574
0.201,0.532,0.520,-1.966,-1.226,1.583
0.203,0.540,0.519,-1.970,-1.230,1.592
0.205,0.548,0.518,-1.975,-1.233,1.600
0.206,0.556,0.517,-1.979,-1.237,1.609
0.207,0.563,0.516,-1.983,-1.240,1.617
0.209,0.570,0.515,-1.986,-1.243,1.624
0.210,0.577,0.515,-1.990,-1.246,1.631
0.211,0.583,0.514,-1.993,-1.249,1.638
0.212,0.589,0.514,-1.996,-1.252,1.644
0.213,0.594,0.513,-1.999,-1.254,1.649
0.214,0.599,0.513,-2.001,-1.257,1.655
0.215,0.604,0.512,-2.004,-1.259,1.659
0.216,0.608,0.512,-2.006,-1.261,1.664
0.216,0.612,0.512,-2.008,-1.263,1.667
0.217,0.615,0.512,-2.009,-1.264,1.671
0.217,0.618,0.511,-2.011,-1.266,1.674
0.218,0.621,0.511,-2.012,-1.267,1.676
0.218,0.623,0.511,-2.013,-1.268,1.678
0.218,0.624,0.511,-2.013,-1.268,1.679
0.219,0.625,0.511,-2.014,-1.269,1.680
0.219,0.625,0.511,-2.014,-1.269,1.681
0.219,0.625,0.511,-2.014,-1.269,1.681
0.219,0.625,0.511,-2.014,-1.269,1.681
0.219,0.625,0.511,-2.014,-1.269,1.681
0.219,0.625,0.511,-2.015,-1.269,1.680
0.220,0.625,0.511,-2.015,-1.269,1.680
0.220,0.625,0.511,-2.015,-1.269,1.680
0.221,0.625,0.512,-2.016,-1.269,1.680
0.222,0.625,0.512,-2.017,-1.269,1.680
0.223,0.626,0.512,-2.018,-1.269,1.680
0.224,0.626,0.512,-2.019,-1.269,1.679
0.225,0.626,0.513,-2.020,-1.269,1.679
0.226,0.626,0.513,-2.021,-1.269,1.679
0.228,0.626,0.513,-2.022,-1.269,1.678
0.229,0.626,0.514,-2.024,-1.269,1.678
0.231,0.626,0.514,-2.025,-1.269,1.678
0.232,0.626,0.515,-2.027,-1.269,1.677
0.234,0.627,0.515,-2.028,-1.269,1.677
0.236,0.627,0.516,-2.030,-1.269,1.677
0.238,0.627,0.517,-2.032,-1.269,1.676
0.240,0.627,0.517,-2.034,-1.269,1.676
0.242,0.627,0.518,-2.036,-1.269,1.675
0.244,0.628,0.518,-2.038,-1.269,1.675
0.247,0.628,0.519,-2.040,-1.269,1.674
0.249,0.628,0.520,-2.042,-1.269,1.673
0.251,0.628,0.521,-2.044,-1.269,1.673
0.254,0.629,0.521,-2.046,-1.269,1.672
0.256,0.629,0.522,-2.049,-1.269,1.672
0.259,0.629,0.523,-2.051,-1.269,1.671
0.262,0.629,0.524,-2.054,-1.269,1.670
0.264,0.630,0.525,-2.056,-1.269,1.670
0.267,0.630,0.525,-2.059,-1.269,1.669
0.270,0.630,0.526,-2.061,-1.269,1.668
0.273,0.631,0.527,-2.064,-1.269,1.667
0.276,0.631,0.528,-2.066,-1.269,1.667
0.279,0.631,0.529,-2.069,-1.269,1.666
0.281,0.631,0.530,-2.072,-1.269,1.665
0.284,0.632,0.531,-2.075,-1.269,1.664
0.287,0.632,0.532,-2.077,-1.269,1.664
0.290,0.632,0.533,-2.080,-1.269,1.663
0.294,0.633,0.534,-2.083,-1.269,1.662
0.297,0.633,0.535,-2.086,-1.269,1.661
0.300,0.633,0.537,-2.088,-1.269,1.660
0.303,0.634,0.538,-2.091,-1.268,1.660
0.306,0.634,0.539,-2.094,-1.268,1.659
0.309,0.634,0.540,-2.097,-1.268,1.658
0.312,0.635,0.541,-2.100,-1.268,1.657
0.315,0.635,0.542,-2.103,-1.268,1.656
0.318,0.636,0.543,-2.105,-1.268,1.655
0.321,0.636,0.545,-2.108,-1.268,1.654
0.324,0.636,0.546,-2.111,-1.267,1.653
0.328,0.637,0.547,-2.114,-1.267,1.653
0.331,0.637,0.548,-2.117,-1.267,1.652
0.334,0.637,0.549,-2.119,-1.267,1.651
0.337,0.638,0.550,-2.122,-1.267,1.650
0.340,0.638,0.552,-2.125,-1.266,1.649
0.343,0.638,0.553,-2.128,-1.266,1.648
0.346,0.639,0.554,-2.130,-1.266,1.647
0.349,0.639,0.555,-2.133,-1.266,1.646
0.352,0.640,0.557,-2.136,-1.265,1.645
0.355,0.640,0.558,-2.138,-1.265,1.644
0.357,0.640,0.559,-2.141,-1.265,1.644
0.360,0.641,0.560,-2.144,-1.265,1.643
0.363,0.641,0.561,-2.146,-1.264,1.642
0.366,0.641,0.563,-2.149,-1.264,1.641
0.369,0.642,0.564,-2.151,-1.264,1.640
0.371,0.642,0.565,-2.153,-1.263,1.639
0.374,0.642,0.566,-2.156,-1.263,1.638
0.376,0.643,0.567,-2.158,-1.263,1.638
0.379,0.643,0.568,-2.160,-1.263,1.637
0.381,0.643,0.569,-2.163,-1.262,1.636
0.384,0.644,0.571,-2.165,-1.262,1.635
0.386,0.644,0.572,-2.167,-1.262,1.634
0.388,0.644,0.573,-2.169,-1.261,1.634
0.391,0.645,0.574,-2.171,-1.261,1.633
0.393,0.645,0.575,-2.173,-1.261,1.632
0.395,0.645,0.576,-2.175,-1.261,1.632
0.397,0.645,0.577,-2.177,-1.260,1.631
0.399,0.646,0.578,-2.178,-1.260,1.630
0.401,0.646,0.579,-2.180,-1.260,1.630
0.403,0.646,0.579,-2.182,-1.260,1.629
0.405,0.646,0.580,-2.183,-1.259,1.628
0.406,0.647,0.581,-2.185,-1.259,1.628
0.408,0.647,0.582,-2.186,-1.259,1.627
0.410,0.647,0.583,-2.188,-1.259,1.627
0.411,0.647,0.583,-2.189,-1.258,1.626
0.412,0.647,0.584,-2.190,-1.258,1.626
0.414,0.648,0.585,-2.192,-1.258,1.625
0.415,0.648,0.585,-2.193,-1.258,1.625
0.416,0.648,0.586,-2.194,-1.258,1.624
0.417,0.648,0.586,-2.195,-1.257,1.624
0.418,0.648,0.587,-2.195,-1.257,1.624
0.419,0.648,0.587,-2.196,-1.257,1.623
0.420,0.649,0.588,-2.197,-1.257,1.623
0.420,0.649,0.588,-2.198,-1.257,1.623
0.421,0.649,0.588,-2.198,-1.257,1.623
0.422,0.649,0.589,-2.199,-1.257,1.623
0.422,0.649,0.589,-2.199,-1.257,1.622
0.422,0.649,0.589,-2.199,-1.257,1.622
0.422,0.649,0.589,-2.199,-1.256,1.622
0.422,0.649,0.589,-2.199,-1.256,1.622
0.422,0.649,0.589,-2.199,-1.256,1.622
0.422,0.649,0.589,-2.199,-1.256,1.622
0.422,0.649,0.589,-2.199,-1.257,1.622
0.422,0.649,0.589,-2.199,-1.257,1.622
0.422,0.649,0.589,-2.199,-1.257,1.623
0.421,0.649,0.588,-2.198,-1.257,1.623
0.421,0.649,0.588,-2.198,-1.257,1.623
0.420,0.649,0.588,-2.197,-1.257,1.623
0.419,0.648,0.587,-2.197,-1.257,1.623
0.418,0.648,0.587,-2.196,-1.257,1.624
0.417,0.648,0.586,-2.195,-1.257,1.624
0.416,0.648,0.586,-2.194,-1.258,1.624
0.415,0.648,0.585,-2.193,-1.258,1.625
0.414,0.648,0.585,-2.192,-1.258,1.625
0.413,0.647,0.584,-2.191,-1.258,1.626
0.411,0.647,0.583,-2.190,-1.258,1.626
0.410,0.647,0.583,-2.188,-1.259,1.627
0.408,0.647,0.582,-2.187,-1.259,1.627
0.407,0.647,0.581,-2.186,-1.259,1.628
0.405,0.646,0.580,-2.184,-1.259,1.628
0.403,0.646,0.579,-2.182,-1.260,1.629
0.402,0.646,0.579,-2.181,-1.260,1.630
0.400,0.646,0.578,-2.179,-1.260,1.630
0.398,0.645,0.577,-2.177,-1.260,1.631
0.396,0.645,0.576,-2.176,-1.261,1.632
0.394,0.645,0.575,-2.174,-1.261,1.632
0.391,0.645,0.574,-2.172,-1.261,1.633
0.389,0.644,0.573,-2.170,-1.261,1.634
0.387,0.644,0.572,-2.168,-1.262,1.634
0.385,0.644,0.571,-2.166,-1.262,1.635
0.382,0.643,0.569,-2.163,-1.262,1.636
0.380,0.643,0.568,-2.161,-1.263,1.637
0.377,0.643,0.567,-2.159,-1.263,1.638
0.375,0.642,0.566,-2.157,-1.263,1.638
0.372,0.642,0.565,-2.154,-1.264,1.639
0.369,0.642,0.564,-2.152,-1.264,1.640
0.367,0.641,0.563,-2.150,-1.264,1.641
0.364,0.641,0.561,-2.147,-1.264,1.642
0.361,0.641,0.560,-2.145,-1.265,1.643
0.358,0.640,0.559,-2.142,-1.265,1.644
0.356,0.640,0.558,-2.139,-1.265,1.644
0.353,0.640,0.557,-2.137,-1.265,1.645
0.350,0.639,0.555,-2.134,-1.266,1.646
0.347,0.639,0.554,-2.132,-1.266,1.647
0.344,0.638,0.553,-2.129,-1.266,1.648
0.341,0.638,0.552,-2.126,-1.266,1.649
0.338,0.638,0.550,-2.123,-1.267,1.650
0.335,0.637,0.549,-2.121,-1.267,1.651
0.332,0.637,0.548,-2.118,-1.267,1.652
0.329,0.637,0.547,-2.115,-1.267,1.653
0.326,0.636,0.546,-2.112,-1.267,1.653
0.322,0.636,0.544,-2.109,-1.268,1.654
0.319,0.636,0.543,-2.107,-1.268,1.655
0.316,0.635,0.542,-2.104,-1.268,1.656
0.313,0.635,0.541,-2.101,-1.268,1.657
0.310,0.635,0.540,-2.098,-1.268,1.658
0.307,0.634,0.539,-2.095,-1.268,1.659
0.304,0.634,0.538,-2.093,-1.269,1.660
0.301,0.633,0.536,-2.090,-1.269,1.660
0.298,0.633,0.535,-2.087,-1.269,1.661
0.295,0.633,0.534,-2.084,-1.269,1.662
0.292,0.632,0.533,-2.081,-1.269,1.663
0.289,0.632,0.532,-2.078,-1.269,1.664
0.286,0.632,0.531,-2.076,-1.269,1.665
0.283,0.632,0.530,-2.073,-1.269,1.665
0.280,0.631,0.529,-2.070,-1.269,1.666
0.277,0.631,0.528,-2.068,-1.269,1.667
0.274,0.631,0.527,-2.065,-1.269,1.668
0.271,0.630,0.526,-2.062,-1.269,1.668
0.268,0.630,0.525,-2.060,-1.269,1.669
0.265,0.630,0.525,-2.057,-1.269,1.670
0.263,0.629,0.524,-2.055,-1.269,1.670
0.260,0.629,0.523,-2.052,-1.269,1.671
0.257,0.629,0.522,-2.050,-1.269,1.672
0.255,0.629,0.521,-2.047,-1.269,1.672
0.252,0.628,0.520,-2.045,-1.269,1.673
0.250,0.628,0.520,-2.043,-1.269,1.674
0.247,0.628,0.519,-2.041,-1.269,1.674
0.245,0.628,0.518,-2.039,-1.269,1.675
0.243,0.627,0.518,-2.037,-1.269,1.675
0.241,0.627,0.517,-2.035,-1.269,1.676
0.239,0.627,0.516,-2.033,-1.269,1.676
0.237,0.627,0.516,-2.031,-1.269,1.677
0.235,0.627,0.515,-2.029,-1.269,1.677
0.233,0.626,0.515,-2.027,-1.269,1.677
0.231,0.626,0.514,-2.026,-1.269,1.678
0.230,0.626,0.514,-2.024,-1.269,1.678
0.228,0.626,0.513,-2.023,-1.269,1.679
0.227,0.626,0.513,-2.022,-1.269,1.679
0.225,0.626,0.513,-2.020,-1.269,1.679
0.224,0.626,0.512,-2.019,-1.269,1.679
0.223,0.626,0.512,-2.018,-1.269,1.680
0.222,0.625,0.512,-2.017,-1.269,1.680
0.221,0.625,0.512,-2.016,-1.269,1.680
0.221,0.625,0.511,-2.016,-1.269,1.680
0.220,0.625,0.511,-2.015,-1.269,1.680
0.219,0.625,0.511,-2.015,-1.269,1.680
0.219,0.625,0.511,-2.014,-1.269,1.681
0.219,0.625,0.511,-2.014,-1.269,1.681
0.219,0.625,0.511,-2.014,-1.269,1.681
0.219,0.625,0.511,-2.014,-1.269,1.681
0.219,0.625,0.511,-2.014,-1.269,1.680
0.219,0.624,0.511,-2.014,-1.269,1.680
0.218,0.623,0.511,-2.013,-1.268,1.678
0.218,0.621,0.511,-2.012,-1.267,1.677
0.218,0.619,0.511,-2.011,-1.266,1.674
0.217,0.616,0.511,-2.010,-1.265,1.672
0.217,0.613,0.511,-2.009,-1.263,1.669
0.216,0.609,0.512,-2.007,-1.262,1.665
0.216,0.605,0.512,-2.005,-1.260,1.661
0.215,0.600,0.512,-2.003,-1.258,1.656
0.214,0.596,0.513,-2.001,-1.255,1.651
0.213,0.590,0.513,-1.998,-1.253,1.646
0.212,0.584,0.513,-1.995,-1.250,1.640
0.211,0.578,0.514,-1.992,-1.247,1.633
0.210,0.572,0.515,-1.989,-1.245,1.626
0.209,0.565,0.515,-1.985,-1.241,1.619
0.208,0.558,0.516,-1.981,-1.238,1.611
0.206,0.550,0.517,-1.977,-1.235,1.603
0.205,0.542,0.518,-1.973,-1.231,1.595
0.202,0.533,0.519,-1.967,-1.227,1.584
0.201,0.526,0.520,-1.963,-1.224,1.576
0.199,0.516,0.522,-1.957,-1.220,1.565
0.197,0.507,0.523,-1.952,-1.216,1.555
0.195,0.498,0.525,-1.946,-1.212,1.544
0.193,0.489,0.527,-1.940,-1.208,1.533
0.191,0.479,0.529,-1.934,-1.204,1.522
0.189,0.469,0.530,-1.927,-1.200,1.510
0.186,0.460,0.533,-1.921,-1.196,1.498
0.184,0.450,0.535,-1.913,-1.192,1.485
0.181,0.439,0.537,-1.906,-1.188,1.473
0.178,0.429,0.540,-1.899,-1.184,1.459
0.176,0.419,0.542,-1.891,-1.180,1.446
0.173,0.408,0.545,-1.883,-1.176,1.432
0.170,0.398,0.548,-1.874,-1.173,1.418
0.167,0.388,0.552,-1.866,-1.169,1.404
0.164,0.377,0.555,-1.857,-1.166,1.389
0.161,0.367,0.558,-1.848,-1.162,1.374
0.158,0.356,0.562,-1.839,-1.159,1.359
0.154,0.346,0.566,-1.830,-1.156,1.344
0.151,0.335,0.570,-1.820,-1.153,1.328
0.147,0.325,0.574,-1.810,-1.150,1.313
0.144,0.315,0.579,-1.800,-1.148,1.297
0.140,0.304,0.583,-1.790,-1.146,1.281
0.137,0.294,0.588,-1.780,-1.143,1.265
0.133,0.284,0.593,-1.770,-1.141,1.249
0.129,0.274,0.598,-1.760,-1.140,1.232
0.126,0.265,0.603,-1.749,-1.138,1.216
0.122,0.255,0.609,-1.739,-1.137,1.199
0.118,0.246,0.614,-1.728,-1.136,1.183
0.114,0.236,0.620,-1.718,-1.135,1.166
0.110,0.227,0.626,-1.707,-1.134,1.150
0.107,0.218,0.632,-1.697,-1.134,1.133
0.103,0.210,0.638,-1.686,-1.133,1.117
0.099,0.201,0.644,-1.676,-1.133,1.100
0.095,0.193,0.650,-1.666,-1.134,1.084
0.092,0.185,0.657,-1.656,-1.134,1.068
0.088,0.177,0.663,-1.645,-1.134,1.052
0.084,0.169,0.670,-1.636,-1.135,1.036
0.081,0.161,0.676,-1.626,-1.136,1.020
0.077,0.154,0.683,-1.616,-1.137,1.005
0.074,0.147,0.690,-1.607,-1.138,0.989
0.070,0.140,0.697,-1.597,-1.140,0.974
0.067,0.133,0.704,-1.588,-1.141,0.959
0.064,0.127,0.711,-1.579,-1.143,0.944
0.060,0.121,0.718,-1.571,-1.145,0.930
0.057,0.115,0.725,-1.562,-1.146,0.915
0.054,0.109,0.731,-1.554,-1.148,0.901
0.051,0.103,0.738,-1.546,-1.150,0.888
0.048,0.098,0.745,-1.538,-1.152,0.874
0.045,0.093,0.752,-1.531,-1.155,0.861
0.043,0.088,0.759,-1.523,-1.157,0.849
0.040,0.083,0.766,-1.516,-1.159,0.836
0.038,0.078,0.772,-1.510,-1.161,0.824
0.036,0.074,0.778,-1.504,-1.163,0.813
0.033,0.070,0.785,-1.497,-1.166,0.801
0.031,0.066,0.791,-1.492,-1.168,0.791
0.028,0.062,0.798,-1.485,-1.170,0.779
0.027,0.059,0.803,-1.480,-1.172,0.770
0.025,0.056,0.809,-1.475,-1.174,0.760
0.023,0.052,0.815,-1.470,-1.177,0.751
0.021,0.049,0.820,-1.465,-1.179,0.742
0.019,0.046,0.826,-1.461,-1.181,0.733
0.018,0.044,0.831,-1.456,-1.183,0.725
0.016,0.041,0.836,-1.452,-1.185,0.717
0.015,0.039,0.841,-1.448,-1.187,0.709
0.013,0.037,0.845,-1.445,-1.189,0.702
0.012,0.035,0.849,-1.442,-1.190,0.696
0.011,0.033,0.853,-1.439,-1.192,0.690
0.010,0.031,0.857,-1.436,-1.193,0.684
0.009,0.030,0.860,-1.433,-1.195,0.679
0.008,0.029,0.863,-1.431,-1.196,0.675
0.007,0.027,0.866,-1.429,-1.197,0.671
0.006,0.026,0.868,-1.427,-1.198,0.667
0.006,0.025,0.871,-1.426,-1.199,0.664
0.005,0.025,0.872,-1.424,-1.200,0.661
0.005,0.024,0.874,-1.423,-1.200,0.659
0.005,0.024,0.875,-1.423,-1.201,0.658
0.004,0.024,0.875,-1.422,-1.201,0.657
0.004,0.023,0.876,-1.422,-1.201,0.657
0.005,0.023,0.875,-1.423,-1.200,0.657
0.005,0.023,0.875,-1.422,-1.200,0.657
0.006,0.023,0.875,-1.421,-1.200,0.655
0.007,0.023,0.876,-1.419,-1.200,0.653
0.009,0.023,0.877,-1.416,-1.201,0.650
0.011,0.023,0.878,-1.412,-1.201,0.646
0.014,0.023,0.879,-1.408,-1.201,0.641
0.017,0.023,0.881,-1.402,-1.201,0.636
0.021,0.023,0.882,-1.396,-1.201,0.629
0.025,0.023,0.884,-1.390,-1.202,0.622
0.029,0.023,0.886,-1.382,-1.202,0.614
0.034,0.023,0.889,-1.374,-1.202,0.606
0.039,0.023,0.891,-1.365,-1.203,0.596
0.045,0.023,0.894,-1.356,-1.203,0.586
0.051,0.023,0.897,-1.345,-1.204,0.576
0.057,0.023,0.900,-1.335,-1.204,0.564
0.064,0.023,0.903,-1.323,-1.205,0.552
0.071,0.023,0.907,-1.311,-1.205,0.539
0.078,0.023,0.911,-1.299,-1.206,0.526
0.086,0.023,0.914,-1.286,-1.206,0.512
0.094,0.023,0.918,-1.272,-1.207,0.498
0.103,0.023,0.922,-1.258,-1.207,0.483
0.111,0.023,0.927,-1.243,-1.208,0.468
0.120,0.023,0.931,-1.228,-1.209,0.452
0.129,0.023,0.935,-1.212,-1.209,0.435
0.139,0.024,0.940,-1.196,-1.210,0.418
0.149,0.024,0.945,-1.180,-1.211,0.401
0.159,0.024,0.950,-1.163,-1.211,0.383
0.169,0.024,0.955,-1.146,-1.212,0.365
0.179,0.024,0.960,-1.128,-1.213,0.346
0.190,0.024,0.965,-1.110,-1.214,0.327
0.201,0.024,0.970,-1.092,-1.214,0.307
0.212,0.024,0.976,-1.073,-1.215,0.288
0.223,0.024,0.981,-1.054,-1.216,0.268
0.234,0.024,0.987,-1.035,-1.217,0.247
0.246,0.024,0.992,-1.015,-1.218,0.226
0.258,0.024,0.998,-0.995,-1.218,0.205
0.270,0.024,1.004,-0.975,-1.219,0.184
0.282,0.024,1.010,-0.955,-1.220,0.163
0.294,0.024,1.016,-0.934,-1.221,0.141
0.306,0.024,1.022,-0.914,-1.222,0.119
0.318,0.024,1.028,-0.893,-1.223,0.097
0.331,0.024,1.034,-0.872,-1.224,0.075
0.343,0.024,1.040,-0.851,-1.225,0.053
0.356,0.024,1.046,-0.829,-1.225,0.030
0.368,0.024,1.052,-0.808,-1.226,0.008
0.381,0.024,1.058,-0.787,-1.227,-0.015
0.394,0.024,1.064,-0.765,-1.228,-0.037
0.406,0.024,1.071,-0.744,-1.229,-0.060
0.419,0.024,1.077,-0.722,-1.230,-0.083
0.432,0.024,1.083,-0.701,-1.231,-0.106
0.445,0.024,1.089,-0.679,-1.232,-0.128
0.457,0.024,1.095,-0.658,-1.233,-0.151
0.470,0.024,1.102,-0.636,-1.234,-0.174
0.483,0.024,1.108,-0.615,-1.234,-0.197
0.495,0.024,1.114,-0.593,-1.235,-0.219
0.508,0.024,1.120,-0.572,-1.236,-0.242
0.520,0.024,1.126,-0.551,-1.237,-0.264
0.533,0.024,1.132,-0.530,-1.238,-0.286
0.545,0.024,1.138,-0.509,-1.239,-0.308
0.557,0.024,1.144,-0.488,-1.240,-0.330
0.569,0.024,1.150,-0.468,-1.241,-0.352
0.581,0.024,1.156,-0.448,-1.242,-0.373
0.593,0.024,1.162,-0.428,-1.242,-0.394
0.605,0.024,1.168,-0.408,-1.243,-0.415
0.617,0.024,1.173,-0.388,-1.244,-0.436
0.628,0.024,1.179,-0.369,-1.245,-0.456
0.639,0.024,1.184,-0.350,-1.246,-0.476
0.650,0.024,1.190,-0.331,-1.246,-0.496
0.661,0.024,1.195,-0.313,-1.247,-0.515
0.672,0.024,1.200,-0.295,-1.248,-0.535
0.682,0.024,1.205,-0.277,-1.249,-0.553
0.692,0.024,1.210,-0.260,-1.249,-0.571
0.702,0.024,1.215,-0.243,-1.250,-0.589
0.712,0.024,1.220,-0.226,-1.251,-0.607
0.722,0.024,1.225,-0.210,-1.252,-0.624
0.731,0.024,1.229,-0.195,-1.252,-0.640
0.740,0.025,1.233,-0.180,-1.253,-0.656
0.748,0.025,1.238,-0.165,-1.253,-0.672
0.757,0.025,1.242,-0.151,-1.254,-0.687
0.765,0.025,1.246,-0.137,-1.255,-0.701
0.773,0.025,1.249,-0.124,-1.255,-0.715
0.780,0.025,1.253,-0.111,-1.256,-0.728
0.787,0.025,1.256,-0.100,-1.256,-0.741
0.794,0.025,1.260,-0.088,-1.257,-0.753
0.800,0.025,1.263,-0.077,-1.257,-0.764
0.806,0.025,1.266,-0.067,-1.258,-0.775
0.812,0.025,1.269,-0.058,-1.258,-0.785
0.817,0.025,1.271,-0.049,-1.258,-0.794
0.822,0.025,1.273,-0.041,-1.259,-0.803
0.826,0.025,1.276,-0.033,-1.259,-0.811
0.830,0.025,1.278,-0.026,-1.259,-0.818
0.834,0.025,1.279,-0.020,-1.260,-0.824
0.837,0.025,1.281,-0.015,-1.260,-0.830
0.840,0.025,1.282,-0.011,-1.260,-0.835
0.842,0.025,1.283,-0.007,-1.260,-0.839
0.844,0.025,1.284,-0.004,-1.260,-0.842
0.845,0.025,1.285,-0.002,-1.260,-0.844
0.846,0.025,1.285,-0.000,-1.260,-0.845
0.846,0.025,1.285,-0.000,-1.260,-0.846
